id_img,label
10052,happy
10065,surprise
10079,angry
10095,angry
10121,angry
10148,angry
10163,sad
10215,fear
1024,fear
10286,angry
10315,angry
10336,happy
10338,angry
10371,sad
10382,happy
10399,neutral
10415,neutral
10426,sad
10551,sad
10554,angry
10583,surprise
10699,angry
10702,neutral
1071,neutral
10743,angry
10746,angry
10818,neutral
10823,neutral
10825,neutral
10839,happy
10854,angry
10970,happy
11002,angry
11017,angry
11024,angry
11028,sad
1106,happy
11075,angry
11093,happy
11096,fear
11158,fear
11169,sad
11186,angry
11188,neutral
11200,sad
1124,fear
11266,fear
1127,happy
11337,angry
11342,angry
11400,sad
11421,fear
11467,angry
11561,angry
11610,angry
11613,angry
11632,sad
11642,neutral
11675,sad
11694,angry
1177,angry
11813,angry
11841,angry
11849,angry
11883,fear
11949,angry
11964,sad
11986,angry
12136,neutral
12144,happy
1215,neutral
12171,sad
12183,surprise
12230,angry
12237,happy
12307,angry
1235,fear
12352,neutral
12489,sad
12680,angry
12695,angry
12733,fear
12808,angry
12810,angry
12841,angry
12842,angry
12851,angry
12928,sad
12945,fear
13029,fear
13041,fear
13057,surprise
13059,angry
13092,neutral
13118,fear
13167,angry
13220,sad
13267,fear
13279,neutral
13334,neutral
13351,sad
13376,neutral
13395,neutral
1340,angry
13431,sad
1350,angry
13514,sad
13533,angry
13535,angry
1358,sad
13582,fear
13599,neutral
13607,angry
13671,neutral
13672,fear
13738,angry
13758,neutral
1386,fear
13890,fear
13978,fear
14022,angry
14030,angry
14058,sad
14108,neutral
14118,angry
14120,fear
14148,sad
14185,sad
14206,fear
1422,sad
14243,neutral
14315,neutral
14329,angry
14357,angry
14376,angry
1438,angry
14381,neutral
14421,fear
14438,fear
14498,angry
14557,neutral
1460,sad
14706,angry
1477,sad
14775,fear
14821,happy
14831,angry
14870,fear
14945,neutral
15074,fear
1508,sad
15138,angry
15172,angry
15190,disgust
15194,angry
15217,neutral
15222,angry
15295,sad
15474,sad
15500,angry
15502,sad
1555,angry
15562,angry
15637,sad
15644,neutral
15654,fear
15699,angry
157,fear
15709,sad
15712,angry
15715,angry
15725,angry
1575,angry
15771,happy
1582,sad
15820,sad
15821,neutral
15835,angry
1584,angry
15848,sad
15897,fear
15919,angry
15941,fear
15954,sad
15979,angry
16033,neutral
16102,sad
16169,sad
16222,fear
16233,angry
16287,surprise
16292,angry
16380,angry
16406,sad
16410,angry
16413,fear
16428,sad
16506,sad
16510,surprise
16557,sad
16565,sad
16643,angry
16659,fear
16681,angry
16711,happy
1672,sad
16764,fear
16768,angry
16783,neutral
16792,angry
16875,fear
16999,angry
17024,angry
17053,fear
17085,sad
17099,happy
17167,sad
1717,disgust
17170,neutral
17186,angry
17209,sad
17211,fear
17228,neutral
17259,neutral
17316,angry
17344,sad
1736,fear
17371,neutral
17413,sad
17428,sad
17445,sad
17452,neutral
17502,angry
17536,angry
17647,fear
17700,angry
17705,angry
17731,angry
17735,happy
17736,angry
17752,neutral
17787,sad
17910,angry
17939,angry
18001,sad
18050,angry
18140,angry
18142,happy
18161,fear
18166,sad
18183,fear
18200,angry
18247,sad
1825,happy
18254,sad
18284,neutral
18376,angry
18380,sad
1841,angry
18415,sad
18445,angry
18459,sad
18466,angry
18492,angry
18534,neutral
18565,angry
18566,neutral
18588,angry
18593,angry
18602,angry
18617,fear
18633,angry
18695,surprise
18715,angry
18779,angry
1880,angry
18810,angry
18837,angry
18882,angry
18903,sad
18949,sad
18983,sad
1899,neutral
18994,angry
19014,happy
19060,neutral
19067,angry
1908,fear
19093,angry
19108,angry
19114,angry
19115,angry
19140,surprise
19152,angry
19268,angry
19292,neutral
19309,neutral
19392,fear
19476,disgust
19477,sad
19485,sad
1966,angry
19664,happy
19732,angry
19811,angry
1983,fear
19832,fear
19877,neutral
19906,fear
19923,angry
1994,fear
19950,fear
19961,happy
2006,sad
20222,angry
20227,neutral
20287,surprise
20290,angry
20298,fear
20303,happy
20312,sad
20328,sad
20353,angry
20374,fear
20451,neutral
2050,angry
20505,neutral
20532,fear
2055,sad
20629,angry
20630,angry
20635,angry
20640,angry
20653,fear
20673,angry
20686,happy
20736,fear
20739,sad
20796,angry
20817,happy
20849,fear
21068,angry
21099,sad
21111,angry
21131,happy
21135,neutral
21161,angry
2117,surprise
21173,disgust
21284,neutral
21371,angry
21374,neutral
2142,neutral
21447,surprise
21472,angry
21511,angry
21512,angry
21520,surprise
21541,angry
21573,sad
21670,neutral
21703,angry
21723,fear
21782,angry
21836,fear
21865,angry
21916,angry
21921,sad
21922,neutral
2194,angry
22089,angry
22183,sad
22184,angry
22198,angry
2225,fear
22309,angry
22334,sad
22375,sad
22516,fear
22695,fear
22733,angry
22739,sad
22789,neutral
22807,sad
22810,angry
22832,happy
2290,angry
22990,angry
23,angry
23008,happy
23041,sad
23059,angry
23085,neutral
23164,sad
23194,angry
23215,neutral
23230,happy
23246,angry
23327,angry
23404,neutral
23468,angry
23473,sad
23488,angry
23521,sad
23532,angry
23749,fear
23780,angry
23783,sad
23814,angry
23847,neutral
23886,sad
24067,angry
2407,neutral
24071,angry
24176,angry
24184,fear
24252,angry
24378,angry
24412,sad
24428,sad
24435,happy
24437,sad
24441,happy
24466,happy
24490,happy
245,angry
24501,sad
24542,sad
24660,neutral
24678,angry
24711,angry
24789,angry
24797,angry
24819,angry
24821,neutral
2484,angry
2486,happy
2487,angry
24886,neutral
249,neutral
24959,fear
24967,angry
2498,angry
24992,sad
25082,angry
25088,angry
251,angry
25101,fear
2511,neutral
25131,neutral
25144,happy
25209,fear
25255,neutral
25343,neutral
25360,neutral
25435,happy
25528,angry
25542,sad
2557,angry
2558,fear
25612,happy
25681,neutral
25688,sad
25778,happy
25795,neutral
2581,sad
25811,angry
25813,happy
25844,sad
25874,angry
25876,angry
25886,angry
25891,sad
259,sad
25944,angry
25973,neutral
26025,angry
26038,angry
26059,angry
26121,neutral
26124,sad
26137,happy
26163,angry
26175,angry
26177,angry
26181,angry
26185,neutral
26248,angry
26264,angry
26267,sad
26337,angry
26344,angry
26437,sad
26446,neutral
26462,neutral
26572,angry
26597,angry
26618,sad
26620,sad
2668,fear
26725,neutral
26789,fear
26845,happy
26860,angry
26886,neutral
26899,sad
26900,angry
26919,fear
26928,angry
26956,happy
27016,fear
27022,angry
27054,happy
2709,sad
2712,angry
27284,neutral
27296,angry
27385,angry
27413,angry
27464,angry
27483,fear
27544,angry
2762,angry
27652,surprise
2770,fear
27704,happy
27715,angry
27726,neutral
27744,angry
27770,angry
27777,angry
27798,neutral
27828,fear
2791,angry
27967,sad
27982,angry
28015,neutral
28058,angry
28062,neutral
28120,neutral
28144,angry
28148,sad
28149,neutral
28207,angry
28248,sad
28288,angry
28300,fear
28401,angry
28438,angry
28498,sad
28509,angry
28543,sad
28547,angry
28560,neutral
28585,angry
28614,angry
28618,angry
28620,angry
28660,angry
28707,fear
28720,angry
28731,angry
28737,angry
28743,sad
28749,angry
28800,fear
28840,fear
28867,angry
28884,neutral
2890,happy
28932,happy
28952,angry
29085,angry
29119,happy
29132,sad
29202,angry
29266,sad
29319,surprise
2933,fear
29414,sad
29471,angry
29477,neutral
29493,angry
29523,angry
29527,sad
29554,angry
29571,angry
29581,angry
29588,angry
29614,happy
29669,fear
29685,angry
29730,angry
298,angry
29818,angry
29866,angry
29929,sad
29931,neutral
29947,angry
29977,angry
29980,angry
30002,angry
30004,sad
30015,happy
30024,angry
30058,angry
30059,fear
30082,neutral
30085,sad
30171,angry
3021,angry
30260,neutral
30273,sad
30290,neutral
30305,fear
30320,neutral
30325,fear
30394,neutral
30415,angry
30420,happy
30456,neutral
30458,sad
30460,neutral
30490,neutral
30509,happy
30535,fear
30563,neutral
30584,surprise
30619,happy
30901,angry
30933,fear
30944,happy
3099,angry
31033,angry
31042,angry
31081,neutral
31083,neutral
31138,happy
31142,sad
31203,neutral
3121,angry
3137,angry
31491,angry
31529,neutral
31544,angry
31609,angry
31635,neutral
31693,sad
31703,neutral
3176,neutral
31849,angry
3186,angry
31873,angry
3188,surprise
31928,angry
32023,sad
32024,angry
32153,fear
32161,angry
32223,angry
32231,sad
3226,angry
32278,sad
32281,neutral
32298,angry
32336,fear
32352,angry
32367,surprise
32454,sad
32464,sad
32473,fear
3248,sad
32481,fear
32506,neutral
32512,angry
32575,sad
32584,angry
32617,fear
32662,happy
32755,sad
32777,angry
33015,angry
3303,fear
33105,angry
33131,fear
33221,sad
3327,sad
33301,angry
33308,angry
3334,sad
33352,fear
33444,sad
33450,fear
33459,neutral
33494,angry
33560,happy
33573,neutral
33633,sad
33666,angry
3370,happy
33729,angry
3377,neutral
338,angry
33809,angry
33829,angry
33890,neutral
33924,sad
33926,fear
3393,sad
33935,sad
33977,angry
33987,neutral
33998,angry
34036,fear
34040,angry
3412,angry
34138,happy
34151,neutral
34175,neutral
34178,angry
34184,angry
34238,angry
34259,fear
34352,fear
34359,fear
34363,neutral
34448,neutral
34474,angry
3449,sad
34507,neutral
34581,angry
34592,angry
34596,fear
34620,angry
3467,fear
34714,sad
34778,angry
34879,surprise
35009,angry
35010,surprise
35028,sad
35041,angry
35059,angry
35145,sad
35149,fear
35162,angry
35210,angry
3522,fear
35261,angry
35298,sad
35407,angry
35425,angry
35439,sad
35447,neutral
35514,fear
3558,angry
3564,happy
35669,neutral
35681,surprise
35682,sad
35731,sad
35753,neutral
35805,sad
35809,fear
35820,angry
35828,neutral
35881,sad
35884,angry
3599,sad
3632,angry
377,sad
38,angry
3802,angry
3819,sad
3839,sad
3862,sad
3870,angry
3913,sad
4015,fear
404,surprise
4060,neutral
4077,fear
4100,neutral
4196,sad
4229,neutral
4306,angry
4317,angry
4324,angry
4349,sad
4384,angry
4396,fear
4397,sad
4459,angry
4468,angry
4502,angry
4579,neutral
4616,angry
4637,neutral
4660,sad
4665,angry
4670,sad
4700,neutral
4751,fear
4807,fear
4878,angry
4937,sad
5010,sad
5060,angry
5064,neutral
521,angry
5220,angry
5233,angry
5244,sad
5259,surprise
5312,angry
5317,fear
5400,angry
5422,fear
5432,angry
5434,angry
5459,fear
5519,angry
5564,angry
5570,angry
5582,sad
5607,angry
5610,neutral
5637,angry
5732,angry
5739,neutral
5780,angry
5810,fear
5822,angry
5859,happy
5883,fear
5888,neutral
589,happy
5902,fear
5962,angry
6009,angry
6017,sad
6075,angry
608,sad
6088,sad
6119,neutral
6129,angry
6155,angry
6225,fear
6232,angry
624,neutral
6274,angry
6278,fear
6283,neutral
6321,sad
633,sad
6347,angry
6364,happy
6365,neutral
6375,angry
6390,fear
6420,angry
6426,sad
6471,angry
6484,angry
65,neutral
654,fear
6547,happy
6555,fear
6561,angry
6566,sad
6580,angry
6581,angry
6584,surprise
6618,angry
6621,fear
665,sad
6652,angry
6726,fear
6739,neutral
6745,sad
676,surprise
6766,sad
6809,happy
6890,neutral
6923,angry
6955,angry
6965,angry
7015,angry
7056,angry
7103,neutral
7136,neutral
7174,angry
7219,neutral
7257,angry
7261,neutral
727,sad
7284,happy
7291,sad
7409,angry
7492,angry
7550,fear
7559,sad
7589,happy
764,neutral
7655,angry
7668,angry
7729,angry
7777,angry
7793,neutral
7811,sad
7886,fear
7919,sad
7937,angry
7979,fear
8000,happy
8001,angry
8052,angry
8096,angry
8103,angry
8130,angry
8151,angry
816,sad
8267,fear
8275,angry
8299,angry
8402,angry
842,sad
854,angry
8555,angry
8581,sad
8593,sad
861,angry
8661,neutral
8685,disgust
8719,fear
8734,happy
8902,fear
8916,surprise
8969,angry
9012,angry
9059,sad
9100,angry
9156,surprise
9266,angry
9293,sad
9331,angry
9400,angry
9567,fear
9615,angry
966,fear
9691,neutral
9698,neutral
9715,angry
9748,angry
9785,fear
9802,angry
9811,neutral
9862,angry
9884,angry
9931,angry
10053,angry
10435,neutral
10532,angry
1115,neutral
11222,disgust
11529,disgust
11639,disgust
12417,disgust
12753,happy
13372,angry
13597,fear
13652,fear
13847,angry
14041,fear
14869,fear
14954,sad
14958,disgust
15110,sad
16021,disgust
16054,disgust
16121,disgust
16264,disgust
16718,disgust
17260,angry
18077,neutral
1843,angry
18464,disgust
18716,angry
19649,fear
19734,disgust
19770,neutral
19801,neutral
19831,disgust
20761,sad
21744,neutral
21765,disgust
21851,disgust
22320,disgust
2275,happy
23141,disgust
23153,fear
23665,disgust
23876,sad
24578,sad
25267,angry
25538,disgust
25541,happy
26859,happy
2732,sad
2742,disgust
28332,sad
28390,surprise
28710,disgust
28987,angry
29158,disgust
29269,disgust
30347,happy
30428,disgust
30499,fear
30601,angry
30719,disgust
30761,disgust
30907,neutral
3101,happy
31232,happy
31323,sad
31796,neutral
31828,disgust
32487,fear
32681,angry
33209,angry
33284,disgust
33561,disgust
33670,disgust
33995,disgust
34022,angry
34432,angry
34505,sad
34519,happy
3521,fear
35376,disgust
35580,disgust
3690,fear
3778,angry
4002,sad
4004,sad
4265,fear
4312,angry
4481,disgust
4737,sad
5085,disgust
533,happy
573,disgust
6231,disgust
6926,fear
7068,disgust
7192,angry
7405,fear
7455,happy
7592,disgust
7835,disgust
807,angry
8415,angry
8585,disgust
8726,fear
8893,disgust
8948,angry
9043,angry
9297,disgust
9460,disgust
9504,fear
10029,fear
10043,happy
10044,happy
1008,fear
10099,fear
101,surprise
10189,sad
10263,neutral
10267,angry
10278,angry
10292,angry
10355,fear
10409,happy
10437,fear
10443,sad
10445,neutral
10458,fear
10489,fear
10493,surprise
10534,fear
1075,sad
10758,sad
1079,sad
10797,fear
10832,sad
10933,angry
10944,happy
10968,angry
10979,fear
11030,fear
11036,angry
11039,neutral
11054,neutral
11057,neutral
11104,sad
11112,fear
11137,surprise
11143,neutral
11146,happy
1116,sad
1128,fear
1133,angry
11353,fear
11360,happy
1137,fear
11381,surprise
11412,fear
11416,sad
11471,fear
11536,fear
1154,sad
11559,sad
11587,neutral
11653,fear
11682,fear
11687,sad
1169,neutral
11704,sad
11706,angry
11727,neutral
11729,fear
11747,fear
11754,sad
11774,neutral
11816,happy
11855,angry
11904,fear
1193,surprise
11944,surprise
11968,fear
11999,sad
12063,fear
12125,sad
12255,happy
12259,happy
12313,fear
12334,fear
12350,fear
12383,happy
12431,neutral
12440,neutral
12472,neutral
12496,sad
12527,fear
12578,happy
12592,fear
12634,angry
12674,sad
12676,fear
12698,fear
12712,fear
12737,surprise
12809,fear
12891,sad
12948,fear
12986,fear
12988,fear
13067,neutral
13071,angry
131,sad
13114,sad
13121,fear
13152,fear
13179,neutral
13233,fear
1325,neutral
13250,angry
13252,neutral
13301,sad
13306,angry
13308,fear
13310,angry
13362,sad
13394,neutral
13405,fear
1343,angry
13482,fear
13486,sad
13518,sad
13549,surprise
13561,surprise
13585,angry
13587,fear
13593,neutral
13596,fear
13638,sad
13664,fear
1367,fear
13683,fear
13694,surprise
13798,sad
13855,neutral
1389,sad
13899,neutral
13913,sad
13921,sad
13928,fear
13933,fear
13939,fear
13965,angry
13971,fear
1401,sad
14011,surprise
14033,fear
14037,sad
14044,happy
14057,happy
14082,fear
1410,angry
14114,angry
14117,neutral
14268,fear
1429,neutral
14306,angry
1441,sad
14444,happy
14452,sad
14509,fear
14529,fear
14551,happy
14605,sad
14620,fear
14637,fear
1465,angry
14722,fear
1474,fear
14744,neutral
14747,sad
14786,sad
14789,fear
148,fear
1485,surprise
14891,fear
14987,angry
15001,surprise
15012,sad
15040,neutral
1506,neutral
15088,sad
15134,fear
15191,fear
15198,surprise
15260,fear
15268,angry
15279,fear
15280,fear
1534,sad
15503,fear
15539,neutral
15544,surprise
15578,fear
15615,sad
15622,disgust
15663,sad
15668,fear
15678,fear
1576,sad
15778,fear
15859,neutral
15870,fear
15881,surprise
15921,fear
15950,angry
15984,fear
1599,neutral
15999,angry
16039,fear
1606,sad
16071,fear
16113,sad
16134,surprise
16226,sad
16277,fear
16318,fear
16330,happy
16346,fear
16374,fear
16395,sad
16429,angry
16440,surprise
16450,surprise
16486,fear
16489,angry
16501,neutral
16503,sad
16523,neutral
16539,sad
1654,fear
16559,sad
1657,surprise
1660,sad
16609,angry
16632,fear
16674,surprise
16775,fear
16788,fear
16802,fear
16811,fear
16830,angry
16915,sad
16930,neutral
16954,neutral
16977,neutral
16990,disgust
17105,neutral
17107,angry
17114,fear
17180,fear
17191,fear
17213,happy
17217,fear
1722,fear
17236,sad
1727,fear
17314,sad
17334,sad
17369,neutral
17449,sad
17479,fear
17503,happy
17550,sad
17558,neutral
1756,surprise
17587,fear
17631,happy
17668,fear
17685,angry
17707,angry
17710,fear
17762,happy
17816,angry
17831,sad
17834,happy
17901,angry
17930,fear
17932,sad
17934,neutral
1796,neutral
1799,neutral
18006,sad
18010,angry
18068,neutral
18073,neutral
18104,sad
18106,sad
18108,surprise
18117,fear
18148,angry
18203,sad
18291,fear
18299,fear
18309,surprise
18317,fear
18325,angry
18336,fear
18364,neutral
1838,fear
18404,happy
18513,happy
18517,happy
18523,surprise
18527,fear
18542,fear
18569,angry
1857,fear
18574,fear
18641,angry
18713,sad
1873,surprise
18753,sad
18757,angry
18763,fear
18905,neutral
18908,fear
18911,surprise
18960,fear
18974,angry
18976,sad
18984,fear
19000,sad
19020,surprise
19064,sad
19089,fear
19119,neutral
19188,sad
19216,neutral
19226,fear
19235,fear
19252,neutral
1929,happy
19349,fear
1939,fear
19454,neutral
19473,angry
19497,fear
19559,angry
19599,angry
19612,happy
19644,fear
19682,neutral
19740,neutral
19754,happy
19810,neutral
19841,disgust
1986,sad
19888,neutral
19896,neutral
19897,sad
19995,happy
200,neutral
20037,surprise
20058,disgust
20062,fear
20083,fear
20135,fear
20194,angry
20214,neutral
20265,happy
20337,sad
20411,happy
20424,fear
20450,surprise
20461,fear
2047,sad
20476,angry
20495,fear
20508,surprise
20526,fear
20579,fear
20598,happy
20617,neutral
20715,angry
20831,neutral
20843,angry
20851,fear
20897,sad
20970,sad
2098,sad
21,fear
21070,fear
21101,fear
21102,fear
21227,fear
21230,fear
21250,angry
21269,surprise
21280,angry
21352,sad
21360,fear
21387,sad
21420,sad
21464,sad
21499,fear
21500,fear
21556,surprise
21559,fear
21598,surprise
21615,fear
21654,sad
21686,fear
21697,happy
2178,happy
21833,fear
21858,neutral
21877,fear
21946,sad
21967,fear
22050,surprise
22074,surprise
22102,angry
22130,fear
22166,fear
2226,angry
22326,fear
22349,neutral
224,fear
22458,angry
22485,happy
22520,surprise
22607,neutral
22640,sad
22662,fear
22756,neutral
22791,happy
22827,fear
22839,fear
22840,sad
22917,neutral
22944,happy
22988,fear
22997,neutral
23038,sad
23083,angry
23100,surprise
23126,fear
23142,happy
23184,fear
23192,angry
23209,fear
23260,fear
23305,fear
23332,sad
23362,neutral
23368,fear
23389,fear
23403,fear
23427,sad
23447,angry
23463,fear
23477,sad
23517,sad
23540,fear
23561,fear
23566,fear
2357,angry
23718,fear
23731,sad
23767,neutral
23778,sad
2378,fear
23791,fear
2391,happy
24016,fear
24035,neutral
24088,fear
24089,fear
24131,neutral
2416,sad
24165,fear
24185,angry
24213,fear
24220,neutral
2426,fear
24452,fear
24479,fear
24482,fear
24539,sad
24554,neutral
24562,surprise
24579,happy
24621,fear
24625,fear
24694,angry
24721,fear
24753,sad
24763,fear
24778,happy
24822,sad
24880,fear
24948,fear
24963,neutral
24978,sad
24991,fear
25045,fear
25046,fear
25061,angry
25074,fear
25108,surprise
25109,fear
25133,sad
25162,angry
25191,fear
25202,sad
25220,sad
25242,fear
25247,fear
25298,happy
25306,fear
25327,sad
25359,angry
25439,neutral
25481,neutral
25496,neutral
25555,neutral
25570,surprise
25577,sad
25590,fear
25605,fear
25621,fear
25638,sad
25647,angry
25710,surprise
258,neutral
25820,fear
25914,fear
2592,angry
2593,sad
26082,neutral
26091,happy
26097,sad
26131,angry
26210,happy
26250,surprise
26275,happy
26283,sad
26363,sad
26377,sad
26385,fear
26394,neutral
264,fear
26402,fear
26409,surprise
2641,angry
26454,neutral
26469,surprise
2651,neutral
2657,sad
26582,fear
26726,sad
2681,sad
26842,angry
26895,neutral
26916,sad
26927,fear
26973,fear
26980,sad
270,fear
27006,fear
27077,fear
27094,neutral
27098,fear
27103,fear
27145,angry
27300,surprise
27308,neutral
27359,angry
27363,fear
27369,sad
27488,surprise
27503,angry
27509,angry
27591,happy
27635,sad
27709,fear
27764,sad
27772,sad
27806,fear
27846,fear
27868,fear
27889,fear
2789,sad
27899,sad
27910,surprise
27937,fear
28050,angry
28101,happy
28189,sad
28210,angry
28243,sad
28267,fear
28308,sad
28331,angry
28417,angry
28453,fear
28503,fear
28515,fear
28548,fear
2858,sad
2860,surprise
28627,fear
28701,fear
28704,fear
28724,surprise
28729,sad
28734,fear
28859,neutral
29005,sad
29026,fear
29027,angry
29043,fear
2906,angry
29068,fear
29126,angry
29152,fear
29219,sad
2927,surprise
29284,fear
29285,happy
29291,happy
29315,fear
29327,sad
29349,fear
29389,fear
29478,fear
29528,fear
29536,neutral
29603,sad
29629,neutral
29674,fear
297,angry
29701,angry
29709,fear
29713,neutral
29720,happy
29731,neutral
29733,sad
29735,happy
29738,neutral
29795,happy
29869,neutral
2987,angry
29871,sad
2988,fear
29892,angry
29912,sad
29924,angry
29990,angry
3000,happy
30062,happy
30074,neutral
30196,surprise
30206,neutral
30237,sad
30253,happy
30316,fear
30333,fear
3036,sad
30482,fear
30564,fear
3057,neutral
30594,surprise
30638,sad
30735,angry
30774,fear
30798,neutral
3087,neutral
30936,fear
31007,sad
31105,angry
31107,happy
31116,fear
3112,neutral
31130,neutral
31157,fear
31159,fear
31188,fear
3124,fear
31286,fear
31330,angry
31341,neutral
31357,fear
31375,neutral
31395,fear
31398,angry
314,fear
31421,sad
31461,sad
31526,fear
31535,sad
31569,fear
31625,surprise
31638,sad
31655,sad
3170,surprise
31738,sad
31782,fear
31821,surprise
31855,fear
31860,fear
31866,happy
31903,fear
31916,fear
31940,sad
31954,sad
31973,angry
31979,angry
32076,neutral
32097,surprise
32103,sad
32180,neutral
32279,surprise
32323,surprise
32349,fear
32351,angry
32438,neutral
32461,surprise
32463,neutral
32485,fear
32507,sad
32551,fear
32569,fear
32619,neutral
32623,angry
32642,sad
32682,angry
32688,sad
3269,fear
32692,sad
32696,fear
32758,fear
32766,fear
32799,fear
32829,sad
32876,fear
32879,sad
32889,fear
32931,angry
32940,fear
32941,neutral
32946,sad
3296,neutral
3297,sad
32996,sad
33007,happy
33051,sad
33097,fear
3314,happy
33215,fear
33258,sad
33299,fear
33358,fear
33390,sad
33410,angry
33419,fear
33440,fear
33490,sad
33519,happy
33535,fear
33548,fear
33559,fear
33587,fear
33608,sad
33617,sad
33644,fear
33673,surprise
33674,neutral
33701,sad
33718,sad
33806,neutral
33855,sad
3391,fear
33919,sad
33940,fear
340,fear
3402,neutral
34024,surprise
34063,neutral
3409,happy
34097,sad
341,happy
34100,neutral
34117,neutral
34120,sad
34143,fear
34201,fear
34277,neutral
34325,fear
34356,sad
34382,fear
34396,fear
34415,angry
34462,fear
34465,angry
34522,sad
34545,angry
34613,fear
34656,happy
34659,sad
34675,fear
3472,neutral
34730,sad
34755,surprise
34878,surprise
34897,neutral
34968,fear
34972,sad
35022,fear
35120,sad
35151,surprise
35202,fear
35207,fear
35230,surprise
35238,surprise
35250,angry
35257,sad
35279,neutral
35322,fear
35334,sad
35362,fear
35363,fear
35394,fear
35410,sad
35427,sad
35453,fear
35541,sad
35592,happy
35629,fear
3565,surprise
35697,fear
35709,fear
3584,neutral
35851,sad
3601,neutral
3645,sad
365,angry
3709,surprise
3714,neutral
3719,angry
3722,surprise
3736,fear
3739,sad
3742,disgust
3783,neutral
3785,neutral
3836,sad
3837,sad
3985,fear
4033,fear
4040,sad
4064,happy
4098,neutral
414,fear
418,fear
4200,surprise
4217,neutral
4234,neutral
4296,sad
4308,fear
4316,surprise
4340,sad
4411,surprise
4453,fear
4516,surprise
452,happy
4523,fear
454,fear
4540,fear
4547,angry
460,sad
4650,fear
4821,fear
483,sad
4858,fear
4901,happy
4917,neutral
4975,fear
4979,sad
4986,fear
500,neutral
5023,sad
504,fear
507,fear
5074,neutral
5097,angry
5117,disgust
5184,fear
5222,sad
5253,fear
5263,fear
5283,fear
5360,fear
538,fear
546,sad
5472,happy
5514,neutral
5567,angry
5622,fear
5638,sad
5654,sad
5717,neutral
5736,surprise
5809,surprise
5858,sad
5957,angry
5961,fear
5989,happy
5992,fear
6035,fear
6037,fear
6054,sad
6059,neutral
6062,fear
6064,sad
6091,fear
6106,neutral
6152,fear
6153,sad
6176,angry
6179,fear
6214,fear
6311,fear
6345,neutral
6346,happy
6366,fear
6469,angry
6495,neutral
6515,sad
6608,neutral
6732,fear
6747,sad
6808,fear
6814,fear
6876,sad
689,fear
6902,neutral
6909,fear
6973,fear
6988,fear
7027,sad
7038,fear
7102,sad
712,fear
7129,angry
7146,sad
7150,fear
7158,fear
7182,surprise
7270,neutral
7271,neutral
729,sad
73,angry
7302,fear
7305,fear
7350,sad
7394,neutral
741,angry
7517,angry
7542,fear
7580,neutral
7681,surprise
7684,neutral
7748,fear
7749,surprise
7756,fear
7786,fear
7819,fear
7846,sad
7875,fear
7894,angry
794,neutral
7980,angry
8035,fear
8040,fear
8043,fear
8067,neutral
8119,sad
8163,neutral
8177,happy
8178,fear
8239,fear
8350,fear
8433,angry
8454,sad
8474,angry
8481,neutral
85,neutral
8556,sad
859,fear
8611,fear
8637,fear
8645,fear
8672,sad
872,fear
8754,fear
8795,fear
8797,sad
8818,angry
886,angry
9037,surprise
9040,fear
9101,neutral
911,angry
9179,neutral
9205,fear
9232,surprise
9251,angry
9261,angry
9281,fear
9302,sad
9333,fear
9369,surprise
9370,fear
9474,neutral
949,happy
9602,neutral
9606,surprise
9842,happy
9898,angry
10019,happy
10023,sad
10074,happy
10096,happy
10106,happy
10126,happy
10138,neutral
10141,fear
1020,fear
10218,happy
10237,happy
10248,happy
10257,happy
1027,happy
10273,neutral
10276,sad
10312,happy
10317,happy
10344,happy
10362,happy
10367,happy
10370,happy
10432,happy
10456,sad
10467,happy
10468,angry
10480,happy
10528,happy
10540,fear
10552,happy
1056,happy
10571,fear
1058,angry
10622,happy
10638,happy
10640,sad
10644,sad
10647,happy
10683,happy
10703,sad
1074,happy
10770,neutral
10773,fear
10792,angry
1081,happy
10811,happy
10841,happy
10879,fear
10903,fear
10935,sad
10956,happy
10992,happy
11019,surprise
1111,angry
11150,happy
11208,happy
1121,happy
11236,neutral
1130,fear
11345,happy
11349,happy
11392,happy
1141,happy
11500,happy
11508,neutral
11516,happy
1152,happy
11530,happy
11549,angry
11552,happy
11558,happy
11573,happy
11575,neutral
11588,neutral
1159,fear
11594,neutral
11604,neutral
11614,happy
11637,neutral
11646,happy
11658,happy
11717,happy
11733,happy
11763,happy
11766,happy
11772,sad
11785,happy
11793,neutral
11808,happy
11814,happy
11819,sad
11835,surprise
11842,happy
11850,happy
11885,happy
11927,happy
12011,happy
1202,sad
12024,angry
12098,fear
12120,happy
12129,neutral
12141,happy
12191,happy
12239,happy
12257,happy
12284,happy
12321,sad
12329,happy
12349,surprise
12359,happy
12376,neutral
12379,neutral
12381,fear
12410,angry
1246,happy
12487,happy
12492,sad
12497,surprise
12557,happy
12560,happy
12581,surprise
12600,happy
12611,happy
12672,happy
12705,sad
12725,sad
12729,neutral
12772,angry
12776,happy
12789,happy
12861,happy
12904,neutral
12936,happy
12951,happy
12956,happy
12957,happy
13037,happy
13073,happy
1309,happy
13105,happy
13108,sad
13127,happy
13139,happy
13151,neutral
1316,happy
13204,happy
13228,happy
13283,happy
13317,happy
13322,happy
1334,angry
13348,happy
13353,happy
13363,happy
13366,fear
13385,happy
1341,happy
13427,happy
13428,happy
13449,happy
13456,happy
13476,happy
13502,happy
13526,angry
13528,neutral
13570,happy
13584,happy
13590,happy
13615,neutral
13618,happy
13655,happy
13703,happy
13706,happy
13715,happy
13757,neutral
13761,neutral
13792,angry
13802,happy
1381,happy
13833,happy
13848,happy
13874,happy
13877,happy
139,sad
13911,happy
13912,happy
13925,happy
1395,fear
13955,neutral
13968,surprise
13969,happy
13991,fear
14063,happy
14092,fear
141,neutral
14139,happy
14152,fear
14155,sad
14169,happy
14236,happy
14278,happy
14282,happy
14292,happy
14310,happy
14314,happy
14327,happy
14348,happy
14360,happy
14371,happy
14378,happy
14419,fear
14427,happy
14448,sad
14473,happy
14475,happy
14516,happy
14517,neutral
14518,sad
14546,happy
14586,neutral
14593,happy
14611,happy
14700,happy
14730,happy
14757,neutral
14759,sad
14792,happy
14877,happy
1491,happy
14965,neutral
14973,sad
15039,happy
15060,happy
15077,neutral
15099,happy
1512,neutral
15147,neutral
15181,happy
15212,happy
15216,angry
15221,angry
15229,happy
15257,neutral
15269,neutral
15271,happy
15292,happy
15310,sad
15323,disgust
15331,happy
15335,angry
1538,neutral
15397,happy
15400,happy
15409,happy
15426,neutral
15432,happy
15438,happy
15443,happy
15455,happy
15494,sad
15520,neutral
15523,surprise
15589,happy
15616,happy
15621,happy
15677,happy
15708,happy
15758,surprise
15767,neutral
15791,surprise
15843,happy
15854,happy
15885,neutral
15910,happy
15966,fear
15976,happy
15983,neutral
16037,fear
16042,happy
16064,neutral
16076,happy
16081,happy
16106,sad
16108,happy
16120,happy
16141,happy
16192,sad
16198,happy
16238,happy
16275,happy
1628,happy
16308,happy
16370,happy
16375,happy
1640,happy
16407,sad
16423,happy
16444,happy
16460,sad
16511,neutral
16550,happy
16562,sad
16583,happy
16588,sad
16596,angry
16604,happy
16611,happy
16619,surprise
16633,happy
16649,happy
16667,happy
16699,happy
167,happy
1670,happy
16700,happy
16712,happy
16734,angry
16738,happy
16751,happy
16752,sad
16759,neutral
16770,happy
16795,happy
16799,happy
16809,happy
16818,sad
16952,happy
16967,angry
16971,neutral
1699,happy
17002,neutral
17007,neutral
17010,sad
17021,sad
17022,happy
17032,fear
1704,happy
17041,happy
1707,happy
17098,happy
17104,sad
17117,happy
17188,sad
17194,happy
17207,happy
17220,happy
17319,happy
17367,neutral
17381,happy
17397,happy
17402,happy
17447,happy
17462,neutral
17470,fear
17484,happy
17485,angry
17494,angry
17498,happy
17506,sad
17524,happy
17541,happy
17543,happy
17552,happy
17609,neutral
17624,happy
17654,happy
1768,happy
17682,happy
17684,sad
17692,happy
17694,happy
17698,happy
1770,happy
17715,happy
17772,happy
17799,happy
17802,happy
17821,happy
1787,surprise
17904,happy
1793,happy
17936,happy
18016,happy
18018,happy
18025,neutral
18033,happy
18037,sad
18080,happy
18082,angry
1815,sad
18165,happy
18173,happy
18205,happy
18226,happy
18237,happy
18245,happy
18249,sad
18250,happy
18256,happy
18259,surprise
18297,happy
18308,happy
18383,fear
18405,neutral
18424,sad
18425,happy
18442,happy
18443,happy
18471,happy
18476,happy
18483,happy
18487,happy
18503,happy
18505,neutral
18531,neutral
18541,fear
18556,happy
18568,neutral
18578,happy
18655,happy
18662,happy
1869,happy
187,happy
18700,sad
18729,angry
18783,happy
18822,happy
18827,sad
18834,neutral
18835,happy
18849,happy
18861,happy
1887,happy
18873,happy
18885,happy
18898,happy
18904,surprise
18930,happy
18944,happy
18948,angry
18952,happy
19008,happy
19012,happy
19025,fear
19056,neutral
19062,happy
19063,happy
19074,happy
19105,happy
19127,happy
19130,sad
19132,happy
19137,happy
19148,happy
19160,neutral
19162,happy
1919,happy
192,fear
1920,happy
19210,happy
19245,neutral
19263,happy
19269,happy
19284,happy
19291,sad
19317,happy
19318,happy
19323,happy
19346,happy
19357,neutral
19370,neutral
19377,happy
19378,surprise
1938,happy
19398,happy
19402,sad
19438,happy
19449,happy
19478,happy
19492,happy
19496,happy
19499,fear
19514,happy
1953,happy
19536,happy
19548,sad
19568,sad
19589,neutral
19597,happy
196,happy
19600,happy
19605,angry
19668,happy
19680,happy
19696,happy
19700,happy
19709,happy
19711,sad
1974,happy
19744,neutral
19747,angry
19748,happy
19768,sad
19803,happy
19837,happy
19883,happy
19889,happy
19918,happy
19957,happy
19958,happy
19962,happy
19968,surprise
2001,happy
20023,happy
20025,happy
20032,happy
20039,angry
20048,happy
20091,happy
20111,happy
2012,angry
20120,happy
20122,neutral
20140,happy
20155,neutral
20165,happy
20181,sad
20196,happy
20208,happy
20213,happy
20216,sad
20218,happy
20229,happy
20239,neutral
20252,happy
20267,happy
20285,happy
20296,sad
20318,happy
20355,happy
20365,happy
20371,fear
20377,happy
20412,neutral
20430,angry
20445,sad
20490,happy
20500,sad
20507,happy
20519,happy
20547,happy
20561,happy
20567,happy
2058,fear
20580,angry
20595,happy
20616,happy
2064,happy
20666,happy
20675,neutral
20684,neutral
20685,happy
2069,happy
20745,happy
20821,happy
20829,happy
20850,happy
20857,happy
20865,happy
20866,surprise
20889,happy
20918,happy
20941,happy
20945,happy
20949,happy
20958,happy
20972,sad
20984,happy
20988,happy
20994,neutral
210,happy
21006,sad
21027,happy
21033,happy
21077,angry
21097,happy
21098,happy
21120,happy
21143,neutral
21177,happy
21185,happy
2120,happy
21200,happy
2122,happy
21235,sad
21292,happy
213,happy
21305,happy
21316,happy
21348,neutral
2135,happy
2137,happy
21376,happy
21384,happy
21394,happy
21439,angry
21441,happy
21460,happy
21473,happy
21483,fear
21501,fear
2152,sad
21524,happy
21538,neutral
21574,sad
2159,fear
21593,happy
21602,happy
21605,happy
21618,happy
21699,happy
21708,happy
21750,happy
21778,sad
21783,happy
21787,happy
2182,angry
21825,neutral
21835,happy
2184,happy
21846,angry
21876,happy
21899,happy
21927,happy
21942,fear
21943,fear
21961,neutral
21990,neutral
2204,angry
22056,sad
22064,angry
22080,happy
22097,happy
22111,neutral
22138,happy
22140,happy
22150,happy
22154,happy
22178,angry
22179,happy
22191,happy
22194,fear
22201,fear
22247,happy
22289,sad
22290,happy
22301,fear
2231,happy
22340,happy
22346,happy
22347,happy
22351,happy
22380,happy
22388,happy
22395,happy
22424,angry
22459,happy
22466,happy
22506,happy
22532,angry
22545,fear
22560,happy
22574,happy
22600,happy
22604,sad
22612,happy
22614,happy
22671,happy
22679,happy
22711,neutral
22750,angry
22754,neutral
22763,sad
22778,happy
22784,surprise
22804,happy
22805,happy
2282,happy
22834,angry
2284,disgust
22863,neutral
2287,happy
22894,happy
22900,happy
22910,angry
2293,happy
22935,happy
22991,happy
23028,angry
2305,happy
2307,happy
2308,happy
23096,happy
23101,happy
23114,neutral
23122,happy
23170,sad
23238,happy
2324,happy
2327,happy
23293,neutral
23319,happy
23320,sad
23321,happy
23334,neutral
23377,happy
23380,happy
23381,happy
23419,happy
23440,happy
23453,happy
23462,neutral
2350,happy
23501,happy
23525,happy
23555,happy
23559,sad
23572,happy
23590,fear
23612,sad
23621,happy
23664,happy
23667,happy
2374,happy
2377,happy
23770,neutral
23786,angry
23801,happy
23813,happy
23848,happy
23862,happy
23865,neutral
23866,happy
23891,happy
23897,happy
23920,happy
23933,happy
23946,neutral
24027,happy
2403,sad
24054,neutral
24055,happy
24077,angry
24079,happy
24099,happy
2411,sad
24123,happy
24137,happy
24148,disgust
24161,happy
24189,angry
24200,sad
2421,happy
24211,happy
24219,happy
24224,happy
2424,happy
24241,happy
24259,surprise
24263,sad
24286,happy
24289,happy
24292,happy
24297,happy
24299,happy
24340,happy
24354,happy
24355,fear
2436,angry
24360,angry
24380,happy
24390,happy
24391,surprise
24393,happy
24395,happy
24410,sad
24465,happy
24492,happy
2450,happy
24509,happy
24521,happy
24530,happy
24535,happy
24536,neutral
24570,sad
24607,happy
24633,happy
24652,happy
24656,happy
24680,happy
24692,happy
24699,happy
247,happy
24718,happy
2472,happy
24731,sad
24747,angry
24764,happy
24769,happy
24777,happy
24783,happy
24823,neutral
2483,happy
24845,happy
24884,happy
24906,happy
24910,happy
2492,neutral
24942,happy
24946,happy
25006,happy
25017,sad
25028,happy
25037,sad
25039,happy
25048,angry
25058,neutral
25123,happy
25163,happy
25180,angry
25186,sad
25199,happy
25223,neutral
25271,happy
25275,sad
25287,fear
25322,happy
25328,happy
25337,happy
25342,happy
25383,fear
25396,happy
25414,happy
25420,happy
25431,happy
25438,sad
25443,happy
25454,sad
25472,happy
25517,neutral
25533,happy
2554,neutral
2556,happy
25578,happy
2559,happy
25602,happy
25604,happy
25649,happy
25652,happy
25658,happy
25686,happy
25705,happy
25714,happy
25719,happy
25720,happy
25744,happy
25747,happy
25759,happy
25775,neutral
25809,neutral
25839,happy
25887,happy
25902,happy
25927,fear
25937,happy
25949,angry
25993,happy
26018,happy
2603,neutral
26032,happy
26034,happy
26046,happy
26077,happy
26098,happy
26107,fear
2611,happy
26159,happy
26160,happy
26169,happy
2620,happy
26212,happy
26224,happy
2629,happy
26338,happy
26370,happy
26397,happy
2640,happy
26456,happy
26459,happy
26468,happy
26477,happy
2649,happy
26511,happy
2655,sad
26563,fear
26578,fear
26660,happy
26665,happy
26667,surprise
26676,happy
26703,happy
26720,neutral
26736,happy
26775,sad
2678,happy
26819,happy
26840,happy
26850,surprise
26873,happy
26888,happy
26891,happy
26906,happy
26909,fear
26913,happy
26935,happy
26960,happy
26963,happy
26967,happy
26978,happy
26981,happy
27048,happy
27051,happy
27105,happy
27106,happy
27128,happy
27140,happy
27152,happy
27162,happy
27172,happy
27187,happy
27196,happy
27197,happy
27204,neutral
27212,happy
27227,happy
27246,happy
27277,happy
27294,fear
2730,happy
27326,happy
27333,happy
27334,angry
27365,happy
27367,happy
27404,happy
27407,angry
27426,happy
27446,happy
2745,fear
27452,happy
27474,sad
27508,happy
2754,happy
27554,neutral
27563,happy
27575,happy
27616,happy
27619,happy
27625,happy
27636,happy
27645,happy
27647,neutral
27648,happy
27662,neutral
27671,happy
27675,happy
27701,happy
2771,happy
2774,happy
27779,sad
27823,neutral
27854,happy
2790,neutral
27928,neutral
27931,angry
27932,happy
27940,happy
27944,neutral
27949,happy
2796,sad
28040,happy
28046,fear
2805,happy
2806,angry
2810,happy
28105,happy
28108,sad
28115,happy
28138,happy
28140,surprise
2816,happy
2820,happy
28249,happy
28256,fear
28264,fear
28273,happy
28282,happy
28367,sad
28376,neutral
28379,happy
28383,sad
28415,neutral
28474,happy
28502,happy
28522,happy
28529,happy
2857,happy
28581,happy
28590,happy
28594,happy
28600,happy
2861,happy
28632,happy
2867,happy
28676,happy
28688,angry
28772,surprise
28797,angry
28807,happy
28814,fear
2885,happy
28871,happy
28897,angry
28928,surprise
28934,happy
28938,disgust
28949,happy
28954,sad
28955,happy
28962,angry
28963,fear
28982,happy
29003,happy
29019,happy
29020,angry
29067,happy
29071,neutral
29074,happy
29111,happy
29123,fear
2913,happy
29185,happy
29211,happy
29214,neutral
29248,angry
29258,fear
29290,fear
2930,happy
29300,happy
29329,neutral
29365,angry
29370,happy
2938,happy
29398,happy
29415,angry
29423,sad
29456,happy
29460,happy
29464,happy
29467,happy
29475,fear
2948,surprise
29504,happy
29555,happy
29578,happy
29589,happy
29645,neutral
29647,happy
29648,happy
29649,happy
2965,happy
29680,sad
29697,happy
29699,fear
29707,sad
29724,sad
29766,neutral
29769,happy
29773,neutral
29821,happy
29834,sad
29844,fear
2985,happy
29889,happy
29919,happy
29979,happy
29981,angry
29987,happy
29991,happy
30,happy
30006,happy
30016,happy
30069,neutral
30099,happy
3010,happy
30102,happy
30114,happy
30119,happy
30127,happy
30143,sad
3016,happy
30164,happy
30188,happy
30193,neutral
30216,happy
3022,happy
30221,happy
3024,happy
30241,happy
30245,happy
3029,happy
30297,neutral
30328,happy
30332,happy
30337,happy
30338,happy
30341,happy
30400,happy
30407,happy
30424,happy
30478,happy
30585,happy
30646,happy
30651,happy
30652,happy
30661,happy
30675,happy
30683,happy
30689,happy
3069,happy
30704,sad
30728,sad
30737,happy
30738,fear
30749,happy
3077,happy
30772,happy
30779,happy
30793,fear
30808,neutral
30820,happy
30822,surprise
30823,happy
30825,happy
3083,happy
30830,neutral
30835,fear
30851,happy
30855,angry
30856,neutral
3086,happy
30871,sad
30893,surprise
30909,happy
30948,happy
30951,happy
30961,fear
30962,sad
30965,sad
30981,angry
31010,happy
31029,happy
31043,happy
31056,happy
3106,happy
31080,happy
31101,happy
31112,sad
31137,happy
31140,happy
31141,happy
31145,happy
3117,happy
3120,happy
31209,happy
31239,happy
31285,happy
31295,angry
3131,happy
31316,happy
3132,happy
31366,happy
3138,happy
31384,happy
3144,happy
31440,happy
3146,happy
31542,happy
31551,happy
31571,happy
31572,happy
3162,neutral
31627,sad
31629,happy
31659,neutral
31697,happy
31742,happy
31752,happy
31806,happy
31811,angry
3182,happy
31833,happy
31853,happy
31858,happy
31870,happy
31897,fear
31908,happy
31929,happy
31952,happy
31977,happy
31987,happy
32046,neutral
32047,happy
32048,happy
32051,fear
3209,fear
32142,happy
32144,happy
3215,sad
32177,happy
32248,happy
32344,happy
32354,happy
32372,happy
32377,happy
32382,sad
32388,happy
32402,happy
32439,happy
3245,fear
325,happy
3250,happy
32541,happy
32544,happy
32568,happy
32570,angry
32574,angry
32595,happy
3260,fear
32607,happy
32614,happy
32624,fear
32627,happy
32684,angry
32725,happy
32763,happy
32769,happy
32773,happy
3278,happy
32796,happy
32826,happy
32835,angry
32837,happy
32838,happy
32849,sad
32913,happy
32917,happy
32950,happy
32952,happy
32953,happy
32958,happy
32973,happy
32993,happy
32997,happy
32998,happy
33016,neutral
33017,happy
33024,disgust
33046,happy
33065,happy
33066,angry
33071,neutral
33084,happy
33091,happy
33094,happy
331,happy
3313,happy
33144,happy
33174,happy
33175,happy
3318,angry
33188,happy
33212,happy
33216,fear
33228,happy
33231,neutral
33240,happy
33268,angry
33283,happy
333,happy
33319,happy
33320,sad
33322,happy
33326,fear
33343,neutral
33357,happy
33366,happy
33375,happy
33407,happy
33423,happy
33455,fear
33460,neutral
33463,happy
33518,happy
33525,happy
33530,sad
33533,happy
33544,fear
33564,sad
33610,happy
33648,angry
33660,happy
33675,happy
33690,happy
33727,happy
33757,happy
33762,surprise
33802,happy
33807,neutral
33842,happy
33853,happy
33874,happy
33915,sad
33917,happy
33933,happy
33938,happy
33981,happy
34015,happy
34049,happy
34057,happy
34098,happy
3410,neutral
34102,happy
3411,happy
34119,happy
34129,happy
3414,happy
34170,happy
34219,happy
3422,happy
34226,happy
34234,neutral
34244,happy
34257,happy
34295,happy
34302,happy
3431,happy
34316,happy
34361,happy
34375,neutral
34386,happy
34397,angry
34412,happy
34435,happy
34437,happy
34464,angry
34468,happy
3447,happy
34471,fear
34483,happy
34498,neutral
34510,neutral
3452,happy
34567,happy
34569,angry
34585,angry
34599,happy
34600,neutral
34644,happy
34645,happy
34649,fear
3465,happy
34688,sad
34720,happy
34724,happy
34737,happy
34753,happy
34756,happy
34759,happy
34761,happy
34768,neutral
34772,happy
34829,angry
34836,happy
34840,happy
34841,surprise
34861,happy
34941,angry
34965,happy
34969,happy
34978,sad
35101,happy
35117,happy
35142,happy
35153,happy
35163,angry
35177,fear
35199,happy
35200,happy
35209,neutral
35226,neutral
35291,happy
35321,happy
35341,sad
35346,happy
35364,happy
35369,happy
35370,happy
35372,happy
3538,happy
3543,sad
35454,happy
35481,happy
35497,happy
35520,neutral
35536,happy
35547,happy
35552,fear
35559,happy
35582,happy
35598,happy
356,happy
35603,happy
35659,sad
35664,happy
35677,happy
35685,happy
35698,happy
3570,happy
35707,happy
35721,angry
35724,fear
3574,neutral
35767,happy
35771,happy
35787,happy
35792,happy
35794,happy
35804,happy
35850,happy
35856,happy
35860,happy
35869,happy
3590,happy
3647,happy
366,happy
3662,happy
3663,happy
370,surprise
3755,surprise
3763,happy
3766,neutral
3772,neutral
3811,neutral
3818,happy
3842,happy
3875,happy
3891,angry
3906,neutral
3958,disgust
3959,neutral
3969,sad
3977,happy
3978,happy
3982,happy
4029,happy
4041,neutral
4084,sad
4090,happy
4094,happy
41,happy
4107,happy
4114,angry
4133,angry
4156,angry
4159,happy
4165,happy
4169,happy
4174,happy
4182,happy
4185,sad
4226,neutral
4248,happy
4264,happy
4269,happy
4284,happy
4295,happy
4345,surprise
4363,happy
4366,happy
440,happy
4433,happy
446,happy
4480,happy
4485,neutral
4492,happy
4506,happy
4526,happy
4549,angry
4558,happy
4576,happy
4580,neutral
4589,happy
4606,happy
4607,happy
4620,happy
4634,happy
4640,happy
4649,happy
4653,angry
4666,neutral
478,neutral
4786,happy
4791,angry
4797,happy
4803,happy
4814,surprise
4827,happy
4832,happy
4849,happy
485,sad
487,happy
4910,happy
4948,happy
4980,happy
4988,happy
4996,happy
5006,happy
5008,happy
5048,happy
5062,happy
5089,happy
5102,happy
5127,happy
5154,neutral
5176,sad
5209,happy
5264,happy
5269,happy
527,happy
5278,happy
5279,happy
5289,happy
5293,sad
5303,happy
531,neutral
5318,sad
5340,happy
5356,happy
5417,happy
5445,happy
5452,happy
5468,happy
5477,happy
5490,happy
5493,happy
5523,happy
553,sad
5548,neutral
5558,neutral
5594,happy
5618,happy
5674,happy
568,happy
5694,happy
5705,neutral
5714,happy
5719,angry
5753,happy
5766,neutral
5783,happy
5797,happy
5800,happy
5807,happy
5812,happy
5835,happy
5857,happy
5891,happy
5904,happy
5919,happy
594,happy
5942,happy
5954,happy
5968,happy
5977,happy
5988,happy
6029,happy
6045,happy
6052,happy
6095,happy
6110,happy
6123,happy
613,neutral
6136,sad
6169,happy
6175,happy
6183,sad
62,happy
620,happy
6206,neutral
6217,angry
6246,happy
6272,happy
628,neutral
629,happy
6368,happy
6378,happy
639,fear
6394,happy
6403,happy
6416,happy
6444,happy
6457,happy
6473,happy
6500,happy
6522,happy
6532,sad
655,sad
657,happy
6577,happy
659,angry
6603,surprise
6616,sad
6677,surprise
6686,happy
6689,happy
6691,happy
6700,neutral
6703,happy
674,sad
6744,surprise
6759,happy
6776,happy
6784,surprise
6792,happy
681,neutral
6811,happy
6818,happy
6865,happy
690,happy
6914,neutral
6928,fear
693,neutral
6935,happy
6977,happy
6989,sad
7017,happy
7020,happy
7026,happy
7029,sad
7065,sad
7080,happy
7100,sad
7116,sad
7159,happy
7162,happy
7191,happy
7200,happy
721,happy
7244,angry
7245,happy
7292,angry
7299,happy
7333,happy
7335,neutral
7366,happy
7379,sad
738,happy
7392,happy
7413,happy
7425,angry
7441,happy
7511,neutral
7531,happy
7532,happy
7537,angry
7548,neutral
7561,happy
7590,happy
7603,happy
7659,angry
7664,sad
7672,happy
7674,happy
7680,happy
7700,happy
7702,happy
7712,happy
7713,happy
7737,neutral
774,happy
7753,happy
7762,happy
7804,happy
7813,surprise
7815,happy
7827,happy
7845,happy
7881,sad
7892,happy
7905,happy
7916,surprise
7948,neutral
7975,happy
7986,happy
8,happy
80,happy
8020,angry
8027,neutral
8034,happy
8049,happy
8065,sad
8082,happy
8086,happy
8089,neutral
817,sad
8188,happy
8228,happy
8268,happy
8276,happy
8284,neutral
8293,happy
8301,happy
8303,happy
8316,happy
8322,neutral
8331,happy
8334,happy
8338,happy
8355,angry
8424,happy
8434,neutral
8449,happy
8457,happy
8473,angry
8539,happy
8548,happy
8559,happy
856,happy
8649,sad
8657,angry
8662,happy
8677,happy
8682,happy
8691,fear
8704,happy
873,happy
8753,happy
8756,happy
8762,happy
880,angry
8820,happy
8861,neutral
8864,happy
8886,fear
8915,happy
8940,happy
895,neutral
8960,happy
897,happy
898,sad
8993,happy
9005,happy
906,happy
9060,sad
9070,happy
9071,sad
9085,happy
9094,happy
9147,happy
915,fear
9152,fear
9167,angry
9174,happy
9180,happy
9202,happy
9206,happy
9222,happy
9246,neutral
9272,fear
9286,neutral
9371,happy
9392,happy
9412,happy
9416,happy
942,happy
9437,happy
9442,happy
9476,happy
9486,happy
951,happy
9538,neutral
9542,happy
9570,happy
9571,happy
9598,angry
9599,happy
9605,happy
9640,happy
9687,happy
973,happy
9774,happy
9800,angry
9833,happy
9845,sad
9865,angry
9890,angry
9893,happy
9897,neutral
9901,happy
9933,fear
9977,happy
9979,happy
9984,sad
10033,neutral
10048,happy
10068,neutral
10117,sad
10118,sad
10134,neutral
10150,happy
10247,angry
10266,neutral
10346,neutral
10406,angry
1045,happy
10512,neutral
10518,neutral
10533,neutral
10535,angry
10549,sad
10624,neutral
10634,fear
10653,neutral
10676,neutral
10693,angry
10715,angry
10741,neutral
10774,neutral
10787,sad
10902,sad
10906,neutral
10916,angry
10926,neutral
1093,angry
1094,neutral
1101,fear
11022,sad
11032,fear
11034,neutral
11038,neutral
11055,happy
11065,sad
11098,neutral
11108,fear
11130,neutral
11168,neutral
11180,sad
112,neutral
11213,neutral
11218,angry
11233,fear
11251,sad
1126,neutral
11269,neutral
11277,sad
11278,fear
11317,neutral
11358,sad
11390,neutral
11395,happy
1142,neutral
11448,surprise
11462,happy
11491,neutral
11518,neutral
11560,neutral
11603,neutral
11654,fear
11660,fear
11686,neutral
11689,neutral
11725,neutral
11738,angry
11783,happy
11818,surprise
11823,sad
11834,neutral
11872,surprise
11875,sad
11889,fear
1189,sad
11913,neutral
11928,neutral
11977,sad
12042,neutral
1206,angry
12090,neutral
12096,neutral
12100,neutral
12106,sad
12116,happy
12117,neutral
12162,sad
12173,neutral
1220,neutral
12202,surprise
12215,fear
1222,happy
1227,neutral
12272,sad
12289,fear
12319,fear
12361,sad
12363,neutral
12366,sad
12407,sad
12423,neutral
1248,sad
12500,happy
12508,neutral
12519,disgust
12569,sad
12647,fear
12801,fear
12852,neutral
12869,neutral
12879,neutral
12885,surprise
12933,sad
12976,sad
1300,sad
13047,sad
1313,neutral
13161,sad
13164,angry
13188,angry
13212,happy
13237,surprise
13242,neutral
1328,happy
13337,neutral
1336,neutral
1339,neutral
13409,sad
13411,fear
13424,neutral
13430,neutral
13433,sad
13441,sad
13467,sad
13498,neutral
135,fear
13531,fear
13586,fear
13603,sad
13619,neutral
13633,neutral
13644,neutral
13653,happy
13670,sad
13692,sad
13695,neutral
13800,neutral
13808,neutral
13825,surprise
13834,happy
13843,sad
13897,neutral
13909,angry
14047,neutral
1407,neutral
1411,neutral
14113,sad
14135,sad
14154,neutral
14170,neutral
14174,neutral
14175,angry
14187,angry
14190,neutral
14224,happy
14342,neutral
14352,neutral
14362,angry
14406,sad
14436,angry
14481,sad
14487,sad
14495,surprise
14496,sad
14513,sad
14542,neutral
14550,sad
14564,sad
14641,neutral
14645,happy
14671,neutral
14703,neutral
14717,neutral
14741,neutral
14859,neutral
14867,fear
14929,neutral
1493,neutral
14957,neutral
14980,neutral
15007,neutral
15013,neutral
15044,sad
15070,sad
15102,neutral
15106,neutral
15120,neutral
15121,sad
15132,fear
15168,sad
15193,happy
15207,neutral
15210,sad
15220,neutral
15248,angry
15293,sad
15333,neutral
15334,happy
15350,neutral
15366,sad
15387,neutral
15405,angry
15441,neutral
15445,fear
15459,sad
15529,angry
15536,neutral
15568,happy
15570,angry
15611,neutral
15634,surprise
15638,sad
15651,angry
15686,happy
15713,neutral
15716,sad
15717,happy
1572,fear
15721,angry
15824,neutral
15847,sad
15890,neutral
15904,angry
15932,angry
15963,fear
16019,sad
16094,sad
16101,neutral
16143,fear
16196,sad
16257,sad
16324,neutral
16329,neutral
16350,neutral
16363,fear
16389,fear
16419,neutral
16463,neutral
16464,angry
16476,neutral
16478,sad
16508,neutral
1656,neutral
16569,sad
16570,neutral
16575,happy
16685,neutral
1669,happy
16696,neutral
16714,neutral
1675,neutral
16817,neutral
16823,neutral
1683,neutral
16845,neutral
1685,neutral
16860,neutral
1688,angry
16890,neutral
16964,angry
16969,angry
16989,angry
17015,neutral
17018,sad
17028,neutral
17131,neutral
1716,neutral
17163,angry
17212,surprise
17231,neutral
17251,angry
17267,fear
17273,neutral
17276,neutral
17295,happy
17318,neutral
17345,sad
17359,neutral
1737,neutral
1738,fear
17417,neutral
17424,neutral
17538,fear
17555,happy
17563,sad
17582,neutral
1759,sad
17598,neutral
17695,angry
17702,happy
17790,neutral
17815,neutral
17837,neutral
1785,angry
17886,neutral
17973,happy
17980,happy
18035,neutral
18130,angry
18168,angry
18181,neutral
1819,neutral
18208,neutral
18223,angry
18281,angry
18288,sad
1830,angry
18301,sad
18312,neutral
18321,neutral
18339,happy
1835,neutral
18388,neutral
18389,neutral
18431,neutral
18469,sad
18497,neutral
18545,neutral
18554,fear
18658,neutral
18687,fear
18703,neutral
18708,neutral
18725,neutral
1874,neutral
18778,neutral
18791,neutral
18803,neutral
18825,neutral
18909,surprise
1892,neutral
18926,fear
1897,neutral
18973,happy
18986,sad
19009,neutral
19131,neutral
19181,happy
19204,neutral
19214,sad
19234,neutral
19259,angry
19329,angry
19340,neutral
19373,neutral
19390,neutral
19411,neutral
19435,sad
19495,fear
19533,neutral
19549,happy
19571,neutral
19581,neutral
19590,neutral
19591,sad
19609,neutral
19615,neutral
19643,neutral
1972,neutral
19793,sad
19797,happy
19829,neutral
19855,neutral
19863,sad
1988,neutral
19953,neutral
19983,neutral
19993,happy
20008,neutral
20019,sad
20028,neutral
20036,neutral
201,sad
20150,neutral
20157,neutral
2019,happy
20223,angry
20257,fear
20272,neutral
20274,neutral
20289,neutral
20360,happy
20372,sad
20416,neutral
20432,neutral
2044,neutral
20514,angry
20517,neutral
2053,angry
20549,sad
20588,sad
20603,surprise
20621,neutral
20665,neutral
20670,angry
2068,neutral
20680,neutral
20737,sad
20814,neutral
20833,neutral
20856,neutral
20875,neutral
20892,fear
20893,fear
20933,neutral
20948,neutral
21025,fear
21030,angry
21092,sad
21104,neutral
21150,fear
21166,neutral
21167,fear
21199,neutral
21210,neutral
21265,sad
21311,neutral
21314,neutral
2133,sad
21337,neutral
21351,neutral
21377,sad
21386,neutral
21393,sad
21404,happy
21451,happy
21455,sad
21470,fear
21475,sad
2149,neutral
21557,neutral
2156,sad
21589,neutral
21638,sad
21658,neutral
21663,neutral
21695,neutral
217,neutral
2172,neutral
21730,happy
21752,neutral
21794,neutral
21812,fear
21817,happy
21822,sad
21852,surprise
21862,sad
21880,neutral
21962,neutral
21971,neutral
22023,sad
22028,fear
2207,neutral
22088,neutral
22091,happy
22095,neutral
22123,fear
2216,neutral
2223,neutral
22267,neutral
2227,neutral
22292,neutral
22325,neutral
22336,neutral
22354,happy
22357,fear
22403,sad
22410,neutral
22442,neutral
22457,neutral
22482,neutral
22508,sad
22517,surprise
22571,angry
22576,sad
22587,neutral
22617,angry
22627,neutral
22655,neutral
22688,neutral
22691,sad
22720,neutral
2273,neutral
22774,neutral
22787,fear
2279,sad
22820,neutral
22867,neutral
22886,neutral
22916,fear
22924,sad
22974,neutral
22987,sad
22992,surprise
23012,neutral
2303,sad
23039,neutral
23057,sad
23103,neutral
23119,neutral
23167,neutral
23172,fear
23186,neutral
23204,neutral
23216,happy
23224,sad
23244,sad
23272,happy
23291,angry
23343,neutral
23348,neutral
23396,sad
23457,neutral
23470,happy
23487,neutral
23565,sad
23609,neutral
23623,fear
23634,neutral
23666,neutral
23691,sad
23722,neutral
23725,neutral
23741,neutral
23794,neutral
23858,neutral
23869,sad
23929,neutral
24003,sad
24051,neutral
24065,neutral
24101,neutral
24104,neutral
24105,neutral
24156,neutral
24175,angry
24182,neutral
24187,neutral
24232,sad
2427,fear
24347,fear
24358,sad
2443,angry
24443,neutral
24531,happy
24573,neutral
24575,happy
2458,happy
24725,surprise
24768,neutral
24774,happy
24779,neutral
24785,angry
24798,happy
24815,angry
24820,happy
24877,neutral
24912,neutral
24931,neutral
24962,neutral
24964,sad
25007,neutral
25018,sad
25021,angry
25078,angry
25089,sad
25099,sad
2510,neutral
25151,neutral
25295,fear
25318,sad
2535,happy
25372,neutral
25391,neutral
25401,sad
25409,fear
25451,neutral
25497,fear
25507,happy
25520,angry
25537,neutral
25573,sad
25593,neutral
25615,neutral
25627,neutral
25635,happy
2564,neutral
25668,neutral
25678,neutral
25682,neutral
25685,neutral
25695,neutral
25701,sad
25723,fear
25743,neutral
25773,neutral
25797,neutral
25800,neutral
25810,neutral
25818,sad
25841,sad
2588,happy
25895,sad
25915,fear
25919,neutral
25969,sad
25978,neutral
25979,happy
25994,angry
26016,neutral
26023,happy
26041,angry
26049,neutral
26056,angry
26067,neutral
26069,neutral
26081,fear
2613,neutral
26134,sad
26161,sad
26187,sad
26190,neutral
26192,neutral
26200,angry
26209,angry
26223,neutral
26227,neutral
26237,neutral
26318,neutral
26364,sad
26411,neutral
26453,neutral
26464,neutral
26495,neutral
26539,fear
26647,neutral
26654,neutral
26682,neutral
26715,neutral
26767,angry
2677,angry
26771,angry
26833,happy
26839,fear
26851,angry
26892,happy
26901,sad
26961,neutral
2699,sad
2710,neutral
27115,happy
27190,happy
27218,sad
27229,happy
2727,happy
27299,sad
273,sad
27306,neutral
27329,sad
27405,neutral
27465,neutral
2747,neutral
2750,neutral
2753,neutral
27533,happy
27594,angry
27597,sad
2761,happy
27642,sad
27646,happy
27650,angry
27683,neutral
27692,neutral
27752,sad
27767,sad
27864,neutral
2792,neutral
27985,neutral
27995,happy
28005,sad
28007,happy
28014,happy
28025,neutral
28084,neutral
28153,surprise
28235,neutral
28251,sad
28269,neutral
28278,happy
2829,neutral
28298,neutral
28359,neutral
28471,sad
28478,neutral
28480,neutral
28493,sad
28499,sad
28507,surprise
28517,sad
28531,neutral
28535,happy
28539,neutral
28546,fear
28549,angry
28642,happy
28681,neutral
2871,neutral
28723,neutral
28769,neutral
28782,happy
28836,angry
28842,neutral
28846,happy
28854,angry
28951,neutral
29009,sad
2901,neutral
29099,fear
29129,neutral
2914,neutral
29216,fear
29246,neutral
29256,sad
29311,sad
29324,sad
29388,neutral
29403,sad
29428,neutral
29438,fear
29484,fear
29500,fear
29505,sad
29525,neutral
2953,angry
29556,neutral
29559,sad
2957,sad
29608,sad
29609,happy
2962,neutral
29637,neutral
29664,sad
29694,sad
29758,neutral
2978,neutral
29794,happy
2984,neutral
29840,neutral
29848,sad
29893,neutral
29916,neutral
29921,sad
29944,neutral
2995,sad
2998,surprise
30053,happy
30121,sad
30167,happy
30197,angry
30220,happy
30345,neutral
30346,neutral
30371,neutral
30374,happy
30422,neutral
3050,sad
3051,neutral
30530,sad
30543,sad
30546,angry
30581,neutral
30713,sad
30786,neutral
30850,sad
30976,neutral
31057,happy
31123,angry
31132,neutral
31139,neutral
3115,neutral
31164,sad
31189,neutral
3123,disgust
31240,surprise
31257,sad
31263,neutral
31307,neutral
31332,neutral
31347,neutral
31371,neutral
31373,neutral
31478,neutral
31483,angry
31486,fear
31546,sad
31561,neutral
31591,neutral
31713,neutral
3174,neutral
31774,sad
31820,happy
31869,sad
3191,fear
31949,sad
31997,sad
3204,neutral
32071,happy
32081,neutral
3221,neutral
32216,sad
32321,neutral
32330,angry
32355,happy
32360,neutral
32371,neutral
32391,neutral
32443,neutral
32445,neutral
32467,neutral
3247,sad
32479,neutral
32508,neutral
32516,neutral
32547,neutral
32587,angry
32605,neutral
32636,angry
32671,neutral
32683,happy
32730,neutral
3276,sad
32778,fear
32782,neutral
32792,neutral
32817,neutral
32855,fear
32870,neutral
32905,fear
32914,happy
32935,happy
32939,sad
32965,sad
32972,surprise
32978,sad
33005,happy
33013,happy
33022,neutral
33031,happy
33049,neutral
33052,surprise
33100,neutral
33124,sad
33159,angry
33182,angry
33219,fear
33243,happy
33255,neutral
33317,angry
33346,sad
33381,sad
33399,neutral
33452,neutral
33468,angry
33471,neutral
33514,sad
33526,neutral
33609,sad
33642,happy
33699,neutral
33710,sad
3375,neutral
33785,neutral
33794,sad
33813,sad
33819,fear
33856,neutral
33858,neutral
33863,neutral
33865,neutral
33870,neutral
33880,neutral
33894,sad
3395,angry
33965,neutral
33999,happy
34037,neutral
3404,neutral
34059,sad
34088,sad
34093,neutral
34131,sad
34161,neutral
34269,happy
34272,surprise
34279,fear
34308,neutral
34324,neutral
34335,happy
34513,sad
34526,neutral
34530,neutral
34539,neutral
34555,neutral
34598,neutral
34612,neutral
34673,surprise
34685,neutral
34854,neutral
34870,fear
34875,neutral
34920,happy
34979,neutral
3502,sad
35034,sad
35075,fear
35108,neutral
35129,neutral
35183,sad
35216,fear
35229,neutral
35241,neutral
35255,angry
35267,neutral
35332,neutral
3535,fear
35356,angry
3537,fear
35400,neutral
35408,neutral
35484,surprise
35546,neutral
35576,neutral
35628,angry
35657,neutral
3566,neutral
35704,sad
3575,sad
35754,happy
35755,neutral
35764,happy
35775,sad
35802,angry
35852,neutral
3600,neutral
3610,happy
3700,sad
3729,neutral
3792,happy
3795,angry
3899,neutral
3909,neutral
3929,neutral
3932,angry
3953,neutral
3986,neutral
405,neutral
4062,neutral
4124,surprise
4137,happy
4194,sad
4223,neutral
4242,fear
4314,surprise
4328,happy
4339,neutral
4372,neutral
4380,sad
4394,happy
44,sad
4443,neutral
4449,neutral
449,neutral
4552,neutral
4553,neutral
4563,sad
4573,neutral
4574,neutral
4672,sad
4748,neutral
4752,sad
4770,neutral
4777,fear
4802,happy
4825,happy
4829,neutral
4868,neutral
4870,neutral
4883,neutral
4888,sad
4935,happy
4953,fear
4998,neutral
5046,sad
5053,neutral
5073,neutral
508,fear
5087,happy
5110,fear
5116,sad
5170,neutral
5186,angry
5258,neutral
5267,happy
5323,neutral
5345,neutral
5361,sad
5385,sad
541,angry
542,neutral
5444,surprise
5446,sad
5449,neutral
547,neutral
551,angry
5527,sad
5536,neutral
5549,neutral
5561,angry
5591,happy
5651,sad
5687,neutral
5695,neutral
5708,fear
5713,happy
5715,angry
5724,neutral
5748,neutral
5749,neutral
5784,happy
5792,sad
5811,neutral
5831,angry
584,sad
5853,neutral
5865,neutral
5912,sad
5931,neutral
5953,fear
596,happy
5976,neutral
5984,neutral
60,sad
601,neutral
6078,neutral
6103,neutral
615,sad
6158,neutral
6180,fear
6193,sad
6236,happy
6343,neutral
6351,neutral
6388,neutral
6397,sad
6412,fear
644,neutral
649,neutral
6502,neutral
651,neutral
6527,neutral
6599,angry
662,neutral
6664,neutral
6710,sad
673,neutral
6813,neutral
6836,fear
6842,neutral
6869,angry
6891,neutral
6934,fear
7008,happy
7009,neutral
7077,sad
7092,angry
7110,sad
7131,neutral
7198,sad
7220,disgust
7239,neutral
7254,neutral
7273,angry
7274,sad
7348,neutral
7361,neutral
7376,neutral
7398,sad
7462,neutral
7466,neutral
7490,happy
7551,angry
7571,neutral
7588,neutral
7599,sad
7630,neutral
766,sad
767,neutral
7717,neutral
7755,sad
7765,sad
7772,neutral
7773,neutral
7788,sad
7823,fear
7831,neutral
7871,neutral
7903,neutral
7932,neutral
7953,angry
8003,happy
8054,sad
8076,neutral
8083,surprise
8105,neutral
8141,neutral
8179,neutral
8211,neutral
8216,sad
8233,sad
8247,neutral
8262,neutral
8264,happy
8280,neutral
8295,neutral
8347,sad
8352,sad
8373,sad
838,neutral
8389,sad
8392,sad
841,neutral
8410,happy
8471,neutral
8483,neutral
8498,angry
8516,neutral
8536,neutral
855,neutral
8599,neutral
8687,neutral
8694,neutral
8724,neutral
8763,fear
8768,happy
8782,happy
8788,fear
8802,sad
8842,neutral
8862,fear
8863,fear
8868,neutral
8880,neutral
891,sad
8919,neutral
8946,neutral
8976,neutral
8980,neutral
9011,neutral
9016,neutral
9046,neutral
9050,sad
9069,neutral
9099,sad
9128,neutral
913,happy
9149,neutral
917,sad
9170,neutral
9209,sad
9221,neutral
9235,neutral
9252,neutral
9273,happy
9276,neutral
9288,sad
9292,neutral
9324,happy
9335,neutral
9355,neutral
9356,sad
9360,sad
9381,sad
9415,neutral
9420,neutral
9434,neutral
9453,neutral
9473,fear
9477,neutral
9507,neutral
9543,neutral
9611,angry
9701,fear
9712,neutral
9718,neutral
9773,neutral
9803,neutral
9838,sad
9867,neutral
9874,neutral
9936,neutral
9975,happy
9982,happy
9993,neutral
10004,angry
1003,sad
10031,angry
10073,fear
10114,fear
10116,sad
10171,neutral
10172,sad
10176,sad
1022,sad
10252,sad
1026,sad
10339,sad
10352,sad
10375,happy
10383,angry
10386,neutral
10423,angry
10425,sad
10455,fear
10561,sad
10607,sad
10620,sad
10655,happy
10686,neutral
10694,sad
10713,happy
10769,sad
1078,fear
10871,sad
10881,neutral
10919,fear
11025,sad
11026,fear
11031,neutral
11100,neutral
11138,fear
11140,happy
11163,fear
11192,sad
11209,happy
11234,fear
11241,sad
11264,neutral
11280,neutral
11284,neutral
11295,sad
11316,neutral
11346,sad
11398,neutral
1148,sad
115,sad
11523,sad
1156,sad
11581,sad
11582,neutral
11601,sad
11626,happy
11640,happy
11662,neutral
11722,neutral
1173,happy
11746,sad
11790,angry
11794,sad
11836,angry
11867,angry
11876,sad
11880,neutral
11891,sad
11909,angry
11966,sad
11978,sad
1198,angry
12040,sad
12074,sad
12092,sad
12113,sad
12119,sad
12190,sad
12246,neutral
12267,happy
12318,neutral
12364,neutral
12498,angry
12512,sad
12524,sad
12547,sad
12591,sad
12594,sad
12621,neutral
1264,sad
12648,neutral
12659,fear
12661,sad
12702,angry
12758,sad
12791,sad
12818,sad
12827,angry
12899,sad
12958,neutral
1298,neutral
13000,angry
13027,fear
13051,neutral
13091,sad
13150,sad
13162,sad
13180,neutral
13187,sad
13293,fear
13296,sad
13339,neutral
13380,happy
13421,neutral
13483,fear
13488,neutral
13505,happy
13510,happy
1353,sad
13562,sad
13575,sad
13598,neutral
13631,neutral
1364,happy
13666,sad
13714,sad
13726,sad
13793,neutral
13801,angry
13812,sad
13852,neutral
13870,sad
13888,sad
13907,neutral
13940,fear
13979,happy
13983,neutral
14048,sad
14070,neutral
14106,neutral
14122,surprise
14127,fear
14136,sad
1420,fear
14208,neutral
14226,sad
14250,sad
14346,sad
14384,neutral
14388,neutral
14459,angry
14464,angry
14472,sad
14474,angry
14484,sad
14494,sad
14505,sad
14522,fear
14524,sad
14561,angry
14572,sad
14574,sad
14578,sad
14682,neutral
14696,sad
14729,sad
1482,neutral
14835,fear
14836,happy
15052,neutral
15078,fear
15090,sad
15129,sad
15145,neutral
15167,fear
15169,fear
15192,fear
15208,happy
15289,fear
15294,sad
1536,happy
15365,fear
15373,happy
15436,sad
15447,neutral
15462,sad
15468,neutral
15484,angry
1549,happy
15534,happy
15535,sad
15565,sad
15580,sad
15592,happy
1560,neutral
15613,sad
15642,sad
15657,sad
15696,neutral
15697,sad
15795,neutral
15867,neutral
15909,disgust
15929,sad
16003,neutral
16010,angry
16053,sad
16056,neutral
16075,fear
16087,sad
16125,sad
16151,happy
16208,sad
16304,sad
16338,neutral
16387,neutral
16388,neutral
16405,sad
16443,happy
1645,sad
16475,sad
16535,sad
16558,fear
16645,happy
16706,sad
16710,sad
16776,neutral
1678,sad
16787,neutral
16798,neutral
16821,sad
16837,happy
16839,sad
16863,neutral
16895,sad
16938,sad
16962,neutral
16985,sad
17003,sad
17011,sad
17100,happy
17128,sad
172,angry
17206,fear
17215,angry
17237,sad
17248,happy
17257,sad
17275,angry
17279,neutral
17293,sad
17297,sad
17331,angry
17341,neutral
17363,fear
17426,neutral
17432,angry
1751,neutral
17518,fear
17597,sad
17607,neutral
17625,sad
17662,angry
17666,neutral
17678,neutral
17713,fear
17717,angry
1772,angry
17730,sad
17746,sad
17763,neutral
17767,sad
17775,sad
1778,sad
17784,neutral
17794,angry
17887,sad
17912,fear
18047,sad
18067,sad
18101,angry
18120,fear
18180,neutral
18193,fear
18260,angry
18270,angry
18300,sad
18345,sad
18349,sad
18361,neutral
18367,neutral
18381,sad
18457,neutral
18475,sad
1854,sad
18550,sad
18573,sad
18610,sad
18732,neutral
18734,neutral
18842,neutral
18855,fear
18872,neutral
18888,sad
18897,angry
1891,neutral
18914,angry
18927,sad
1896,neutral
18962,disgust
19029,fear
19049,neutral
19082,sad
19084,sad
19095,sad
19145,neutral
19165,neutral
19179,angry
1926,sad
19274,neutral
19285,sad
19303,sad
1931,sad
19364,neutral
1937,fear
19384,sad
19422,fear
19461,sad
19470,sad
19486,sad
19531,sad
19535,happy
19578,neutral
19607,sad
19663,neutral
19674,sad
1973,fear
19731,angry
19785,sad
19799,neutral
19861,fear
19864,sad
19880,sad
19893,fear
19934,sad
19969,fear
19973,sad
19975,sad
20,sad
20072,fear
20073,sad
20104,sad
20171,neutral
20192,fear
20193,neutral
20217,fear
20301,sad
20313,sad
2039,sad
20395,sad
20400,surprise
20468,neutral
20469,sad
20511,neutral
20560,sad
20563,angry
20589,sad
20650,happy
20656,sad
20667,angry
20750,sad
2084,neutral
20908,sad
2091,fear
20964,fear
20979,angry
21005,neutral
21029,angry
21036,fear
21078,fear
21082,happy
21201,neutral
21221,sad
21249,fear
21275,happy
21282,neutral
21312,fear
21324,sad
21428,sad
21434,surprise
21531,neutral
21535,fear
21549,neutral
2157,sad
21632,fear
21666,neutral
21681,angry
21715,angry
21720,neutral
2176,sad
21766,sad
21769,surprise
21968,neutral
21978,sad
21988,neutral
22004,fear
22032,sad
22051,neutral
22067,fear
22117,angry
22241,fear
22255,fear
22271,happy
22319,surprise
22335,fear
2238,happy
2239,angry
22390,sad
22416,fear
22419,fear
22448,angry
22449,sad
22452,sad
22521,fear
2256,sad
22602,neutral
22619,happy
22631,sad
22651,fear
22690,happy
22704,neutral
22761,fear
22765,happy
22766,surprise
2278,angry
22808,neutral
22816,neutral
22937,neutral
22961,sad
22977,fear
22989,sad
23054,angry
23060,fear
231,sad
2312,happy
23220,fear
23297,neutral
23304,happy
23341,sad
23374,happy
23407,angry
23430,sad
23452,sad
23471,angry
23483,neutral
23507,angry
23542,angry
23549,sad
23562,angry
23584,fear
23601,sad
23654,sad
23658,sad
2367,neutral
23675,happy
23700,neutral
23715,sad
23748,angry
23760,sad
23764,neutral
23779,sad
23781,angry
23792,happy
23817,fear
23829,fear
23832,fear
23853,sad
23884,fear
23901,sad
23905,sad
23915,fear
23945,sad
23948,neutral
23965,neutral
23968,sad
23978,sad
23991,sad
24013,sad
24057,sad
24066,neutral
24087,sad
2412,happy
24133,angry
24160,sad
24168,fear
24173,sad
2418,sad
24183,fear
24217,fear
24239,neutral
24247,happy
2431,sad
24329,sad
24363,sad
24384,neutral
24420,sad
24421,sad
24460,happy
24473,sad
2451,sad
24543,fear
24545,sad
24582,happy
24643,sad
24664,sad
24736,sad
2476,sad
2478,sad
2485,neutral
24881,sad
24909,sad
24916,sad
2496,happy
2499,neutral
2502,sad
25025,sad
25055,happy
25087,fear
25117,surprise
25126,neutral
25211,surprise
25231,fear
25240,fear
25250,sad
25281,neutral
2530,neutral
2533,sad
25330,neutral
25348,happy
25351,sad
25356,fear
25379,fear
25381,angry
2539,happy
25410,sad
25412,sad
25425,angry
2546,fear
25510,sad
25529,sad
25576,neutral
25582,sad
25597,neutral
25632,neutral
25643,sad
2565,sad
25819,neutral
25832,sad
25843,sad
25920,angry
25961,fear
25983,fear
25985,fear
26005,neutral
26006,sad
26040,surprise
26079,happy
2615,sad
26198,sad
26249,neutral
26269,sad
26270,happy
26292,angry
26304,surprise
26313,sad
26321,fear
2633,neutral
26339,neutral
26346,sad
2635,sad
26355,angry
26368,sad
26378,happy
26398,sad
26404,sad
26443,happy
26484,happy
26501,sad
26543,angry
26566,sad
26573,neutral
26581,neutral
26586,sad
26600,sad
26612,sad
26670,neutral
26675,sad
26683,sad
26702,sad
26747,sad
26772,sad
26834,sad
2690,happy
26959,sad
26970,fear
27005,angry
27027,happy
27035,sad
27052,neutral
27117,neutral
27124,fear
27258,sad
27292,sad
27305,sad
27350,sad
27400,sad
27410,sad
27450,happy
27461,neutral
27471,neutral
2748,sad
2751,sad
27518,neutral
27522,fear
27561,sad
27562,neutral
27576,sad
27585,angry
27588,sad
27629,fear
27681,fear
27694,angry
27719,sad
27759,neutral
27776,angry
27788,neutral
27810,fear
2785,neutral
27873,sad
2788,neutral
27887,fear
27913,fear
27948,angry
27993,sad
28053,neutral
28073,happy
28091,sad
28100,neutral
28137,surprise
28143,happy
28171,sad
28230,sad
28252,neutral
28272,fear
28294,angry
28296,sad
28396,sad
28424,sad
28426,happy
28465,sad
28552,sad
28555,angry
28568,sad
28596,neutral
28696,sad
28700,sad
28794,fear
28895,sad
28966,neutral
2902,angry
29058,neutral
29082,neutral
29112,happy
29121,neutral
29150,angry
29194,sad
29226,happy
29243,angry
29295,sad
29298,fear
29305,sad
29318,sad
29322,angry
2934,neutral
29379,neutral
29383,neutral
2945,neutral
2950,sad
29529,sad
29553,neutral
29561,angry
29580,happy
29585,sad
29617,sad
29622,disgust
29627,fear
29628,sad
29632,neutral
29652,angry
29692,fear
29703,sad
29756,sad
29757,angry
29792,angry
29819,angry
29835,sad
29875,happy
29897,sad
29936,sad
29937,neutral
29941,angry
29970,sad
29973,angry
29998,angry
30001,sad
30035,fear
30045,sad
30056,sad
3007,sad
30080,sad
30094,surprise
30104,sad
30118,happy
3012,sad
30144,neutral
30170,surprise
30181,happy
30219,sad
30251,fear
30274,sad
30289,fear
30292,angry
30326,sad
30331,sad
30358,fear
30377,sad
30410,fear
30439,happy
30440,angry
30462,neutral
30541,neutral
30552,happy
3056,neutral
30565,sad
3059,fear
30611,sad
3075,fear
30763,sad
30789,angry
30817,sad
30818,neutral
30853,sad
30867,sad
3088,disgust
3094,neutral
31009,sad
31068,surprise
31072,neutral
31099,angry
31104,sad
31113,angry
31149,neutral
3118,sad
312,neutral
31248,angry
31265,sad
31328,sad
31367,sad
3139,sad
31390,fear
31409,angry
31424,sad
31506,sad
31510,fear
31527,sad
31534,sad
31634,sad
31643,neutral
31653,sad
31663,neutral
31665,happy
31669,surprise
3169,neutral
31712,happy
31720,angry
31836,sad
31857,happy
3187,sad
32005,sad
32029,surprise
3206,happy
32139,neutral
32175,sad
32183,happy
32189,sad
32202,sad
32268,neutral
32296,angry
32297,sad
3235,sad
32383,neutral
32394,sad
32422,sad
32565,sad
32580,angry
32582,surprise
32613,sad
3263,sad
32711,sad
32744,angry
32768,neutral
32814,neutral
32818,angry
32836,happy
32843,angry
32859,happy
32861,fear
32898,happy
32903,sad
32911,surprise
32932,sad
32982,sad
33089,sad
33152,neutral
33213,sad
33227,fear
33247,angry
33276,angry
33295,angry
33302,angry
33331,sad
33371,sad
33373,sad
33421,neutral
33492,neutral
33516,sad
33523,sad
33538,fear
33628,angry
33636,happy
33640,sad
33686,neutral
33691,neutral
33693,angry
33736,sad
33747,fear
3378,sad
33780,sad
33786,neutral
3382,neutral
33820,sad
33936,neutral
33962,neutral
33988,sad
3403,sad
34070,sad
34121,sad
34176,happy
34195,sad
34205,angry
34242,fear
34250,sad
3433,angry
34387,fear
34408,happy
34413,surprise
34427,angry
34477,angry
34509,angry
34533,fear
34605,sad
34610,sad
34629,fear
34633,sad
34679,sad
34694,angry
3477,neutral
34788,sad
34798,surprise
34799,sad
34820,fear
34827,sad
34905,sad
34913,sad
34917,sad
3492,sad
34945,fear
34985,neutral
34988,sad
34991,angry
350,fear
35030,fear
35039,sad
35043,sad
35058,sad
3506,sad
3508,sad
35116,sad
35131,sad
35148,sad
3518,sad
35192,sad
35214,sad
35297,neutral
35318,fear
35375,fear
35386,neutral
35411,neutral
3546,neutral
35528,surprise
35567,neutral
35605,fear
35615,fear
35639,neutral
35691,sad
35737,happy
35768,sad
35812,sad
35873,fear
359,sad
3634,sad
3653,fear
3661,sad
3731,angry
3767,neutral
3825,neutral
3855,neutral
3869,angry
3922,sad
3951,sad
3972,sad
3988,sad
4130,neutral
4207,fear
422,sad
4233,sad
4274,fear
4381,sad
4389,neutral
4412,happy
4415,sad
4441,fear
4482,sad
4534,neutral
4572,neutral
4594,sad
4596,sad
4615,sad
4624,angry
4697,sad
4714,fear
4734,neutral
4736,angry
4764,sad
4771,happy
4811,sad
4860,sad
4940,sad
4951,neutral
4958,angry
4987,happy
5004,sad
505,sad
5055,happy
5056,sad
5058,surprise
5061,sad
5100,neutral
5101,sad
5107,fear
5147,sad
5166,neutral
5177,happy
5224,sad
5229,neutral
5374,neutral
5435,fear
5466,angry
5560,sad
5629,neutral
5642,sad
5689,sad
5710,sad
580,angry
5836,angry
5910,sad
5995,angry
6025,neutral
6033,sad
6109,sad
6137,fear
6149,sad
6187,sad
6215,sad
6265,angry
6304,sad
6312,angry
6353,sad
6400,sad
6449,angry
6459,sad
6467,fear
6492,sad
6521,angry
6529,sad
6551,sad
6557,neutral
6563,sad
6645,sad
6660,sad
6720,neutral
6735,sad
6771,sad
680,neutral
6833,sad
6860,sad
688,sad
6897,sad
6901,neutral
6904,fear
6915,fear
6930,sad
6957,angry
6960,sad
6964,sad
70,neutral
7030,disgust
7037,sad
7039,sad
7119,fear
7121,sad
7165,sad
7232,surprise
7253,happy
7268,sad
7275,happy
7287,sad
7301,sad
7337,sad
7371,neutral
7400,neutral
7406,sad
7430,angry
7475,neutral
7502,fear
7536,sad
7566,angry
7569,happy
761,neutral
7618,sad
7623,sad
7675,sad
7679,angry
7724,happy
7776,fear
7806,neutral
7848,fear
7877,sad
7878,surprise
7943,sad
7962,fear
7963,disgust
7976,sad
798,angry
800,sad
8039,sad
8056,happy
8098,sad
8099,sad
8102,fear
8146,sad
8164,sad
8197,neutral
8203,angry
822,fear
8223,neutral
8238,sad
8252,sad
8266,disgust
8333,happy
8390,sad
8430,sad
8525,sad
8580,angry
8614,fear
8639,sad
8659,sad
8702,sad
8718,neutral
8738,sad
8761,sad
8814,neutral
8834,neutral
8851,sad
8876,sad
8892,sad
8925,neutral
8953,sad
8955,fear
8958,sad
9006,fear
9028,fear
9066,sad
9073,sad
9082,angry
9087,sad
9119,neutral
9142,neutral
9171,sad
9219,sad
922,happy
9238,fear
9267,sad
9327,angry
9338,angry
9387,angry
9405,fear
9454,sad
9457,neutral
9459,happy
9463,happy
9465,neutral
9498,happy
9508,sad
9548,neutral
9689,sad
9693,sad
9713,neutral
9769,happy
977,sad
98,angry
9841,sad
9864,fear
987,sad
9885,sad
9889,neutral
9923,angry
10056,surprise
10097,neutral
10162,surprise
10185,surprise
10246,happy
10259,surprise
10268,surprise
10306,surprise
1033,surprise
10365,surprise
10372,surprise
10444,surprise
10545,surprise
10625,fear
10701,fear
10734,surprise
10755,fear
10768,happy
10800,fear
10813,sad
10820,surprise
10837,neutral
10866,surprise
10909,surprise
10931,surprise
10950,surprise
11000,fear
11043,neutral
1107,sad
11126,happy
11139,surprise
1118,fear
11302,surprise
11414,surprise
11418,surprise
11429,sad
11451,surprise
11466,surprise
11589,happy
11670,surprise
11721,surprise
1176,fear
11786,angry
11848,surprise
11865,angry
11902,surprise
12086,fear
12107,surprise
12131,happy
12134,surprise
12312,surprise
12320,angry
12338,surprise
1239,surprise
12463,sad
12470,surprise
1249,surprise
12504,surprise
12529,fear
12551,surprise
12567,surprise
12626,fear
12684,happy
12723,happy
12748,surprise
12768,surprise
12903,happy
12924,happy
12960,surprise
12973,surprise
13009,neutral
13080,surprise
13101,fear
13145,surprise
13169,neutral
13203,happy
13205,surprise
13230,fear
13288,surprise
13460,surprise
13521,surprise
13622,fear
13684,surprise
13740,surprise
1376,surprise
13837,neutral
13876,surprise
14080,surprise
14091,surprise
14115,surprise
14305,fear
14331,surprise
14375,surprise
1449,surprise
1457,surprise
14647,surprise
14691,surprise
14697,surprise
14798,fear
14914,fear
14927,surprise
14968,neutral
15008,fear
15034,surprise
15037,surprise
15047,surprise
15101,surprise
1515,sad
15179,surprise
15238,surprise
15244,fear
15263,surprise
15354,surprise
15378,surprise
15383,surprise
15416,happy
15454,surprise
15467,surprise
15486,surprise
15487,surprise
15518,happy
15524,fear
15527,surprise
15533,surprise
15628,surprise
15635,surprise
15788,neutral
15802,surprise
1583,happy
15922,surprise
15944,surprise
16110,happy
16133,surprise
16172,surprise
16229,fear
16237,fear
16280,surprise
16396,fear
16415,sad
16441,sad
16507,neutral
16530,surprise
16646,angry
16666,happy
16721,fear
16756,neutral
16774,sad
16829,surprise
16886,surprise
16901,neutral
16947,surprise
16959,surprise
16980,surprise
16995,happy
17016,surprise
17019,neutral
17027,surprise
17044,sad
1710,angry
17137,fear
17148,surprise
17157,angry
17161,surprise
17177,surprise
17205,surprise
17245,happy
17290,surprise
17309,surprise
1735,surprise
17350,sad
17422,fear
17429,sad
17433,surprise
1750,fear
176,fear
17610,fear
1764,surprise
17693,surprise
17845,surprise
17906,angry
17919,surprise
17952,neutral
1800,fear
18026,surprise
18038,surprise
18132,surprise
18198,surprise
18285,surprise
18313,surprise
18393,surprise
18436,neutral
18521,surprise
18555,surprise
18577,fear
18613,sad
18615,sad
18619,surprise
18631,fear
1864,surprise
18678,fear
18706,surprise
18742,surprise
18862,surprise
18864,surprise
19051,surprise
1911,surprise
1914,surprise
19142,surprise
19177,angry
19187,fear
19267,fear
19314,surprise
19362,surprise
19389,neutral
19431,surprise
1945,surprise
1952,surprise
19594,surprise
19601,surprise
19650,surprise
19665,surprise
19720,happy
19755,surprise
19795,surprise
1992,surprise
19972,fear
20041,surprise
20146,surprise
20148,surprise
20162,fear
20167,surprise
20262,surprise
20293,surprise
20369,fear
20373,surprise
20387,surprise
20407,fear
20467,fear
20573,fear
20584,surprise
20594,angry
20664,neutral
20691,surprise
20786,surprise
20855,fear
20882,surprise
2090,surprise
20935,neutral
20947,happy
20967,surprise
20989,fear
21044,fear
21072,surprise
21074,surprise
2114,angry
21148,surprise
21151,surprise
21153,fear
21154,surprise
2119,surprise
21217,surprise
21233,happy
21239,surprise
21299,surprise
21417,surprise
2146,sad
21461,surprise
21468,surprise
21545,surprise
21570,surprise
21578,surprise
21587,fear
2168,surprise
2173,fear
21807,angry
21824,surprise
21834,surprise
21887,happy
21896,fear
21906,fear
2195,surprise
21973,happy
21987,surprise
2200,surprise
22019,neutral
22025,surprise
22128,surprise
22131,surprise
22278,angry
2228,surprise
22305,surprise
22322,surprise
2234,surprise
22372,surprise
22497,surprise
22509,angry
22525,neutral
22666,surprise
22741,fear
22771,surprise
22864,sad
22921,surprise
23053,neutral
23151,surprise
23155,fear
23328,fear
23346,fear
23386,fear
23413,fear
23433,neutral
23661,surprise
23662,surprise
23739,surprise
23747,neutral
23751,surprise
23885,surprise
23893,fear
23917,happy
23941,fear
23943,neutral
23949,surprise
24022,neutral
24031,neutral
24046,surprise
24050,surprise
24143,surprise
24163,surprise
24167,surprise
24174,surprise
24179,neutral
24201,happy
24291,angry
24404,sad
24411,surprise
24415,happy
24432,angry
24433,surprise
2448,happy
24557,surprise
2461,surprise
24646,neutral
24668,surprise
24756,sad
24893,happy
24904,happy
24921,surprise
25010,surprise
25036,surprise
25044,surprise
25107,surprise
25143,surprise
25188,surprise
25229,sad
25234,fear
25280,surprise
2529,surprise
25319,surprise
25390,surprise
25397,surprise
25402,surprise
25416,surprise
25492,surprise
25539,fear
25563,surprise
25571,fear
256,surprise
25610,fear
25636,happy
25674,fear
25687,happy
25709,fear
25742,surprise
25781,surprise
25808,surprise
25906,happy
25959,surprise
26076,surprise
26087,neutral
26101,surprise
26102,surprise
26133,surprise
2619,surprise
26243,surprise
2634,happy
26452,surprise
26455,surprise
26483,surprise
26487,surprise
26500,fear
26556,fear
26626,happy
26708,fear
26800,happy
26825,surprise
26907,surprise
26910,surprise
26914,fear
26944,surprise
27025,neutral
27039,surprise
27070,fear
27125,surprise
27165,fear
27174,surprise
27193,surprise
27240,surprise
27270,surprise
27273,fear
27321,surprise
27325,surprise
27328,surprise
2744,fear
27566,surprise
27577,surprise
2758,surprise
27586,surprise
2759,surprise
276,surprise
27696,surprise
27737,fear
27756,surprise
27774,surprise
27803,surprise
27916,surprise
27919,fear
27926,surprise
27933,surprise
27973,surprise
27979,surprise
2803,angry
28076,surprise
28082,surprise
28130,surprise
28182,surprise
28219,angry
28236,sad
28287,surprise
28328,surprise
28335,sad
28342,surprise
2835,fear
2837,surprise
28370,happy
28421,surprise
28441,surprise
28448,surprise
28476,surprise
28482,surprise
28501,surprise
28525,surprise
28639,surprise
28653,surprise
28666,fear
28667,fear
28727,fear
28803,angry
2886,neutral
28864,surprise
28901,fear
29038,neutral
29110,surprise
29118,surprise
29164,surprise
29205,surprise
29225,surprise
29276,surprise
29283,fear
29354,sad
2949,angry
29515,surprise
29516,angry
29537,surprise
29540,surprise
29542,happy
29551,neutral
29557,neutral
2956,surprise
29568,surprise
29618,surprise
29619,surprise
29677,happy
29690,surprise
29796,surprise
29797,surprise
29803,sad
29884,sad
29954,happy
3002,surprise
30173,fear
30174,angry
30184,surprise
30190,surprise
30336,surprise
30537,fear
30620,surprise
30625,surprise
30628,surprise
30714,surprise
30726,surprise
30811,surprise
3084,happy
30943,surprise
30989,surprise
31005,angry
31054,surprise
31097,neutral
31102,surprise
31194,angry
31198,surprise
31206,surprise
31223,surprise
31353,surprise
31364,surprise
31533,surprise
31563,surprise
3157,surprise
31631,fear
31662,fear
31775,surprise
31781,surprise
31784,surprise
31799,surprise
31814,surprise
31826,happy
31872,surprise
31882,surprise
31899,surprise
31953,surprise
31961,surprise
32069,happy
32132,surprise
32165,fear
32179,surprise
3223,surprise
3224,fear
32243,fear
32308,happy
32315,surprise
32324,fear
32334,fear
32365,surprise
32395,surprise
32405,surprise
32420,surprise
32432,surprise
32510,surprise
32530,fear
32630,fear
32695,fear
32727,angry
32734,fear
32753,surprise
32756,surprise
32894,neutral
32968,sad
32979,surprise
330,surprise
33039,fear
33055,fear
33072,surprise
33079,sad
33147,surprise
33180,fear
33290,surprise
33316,surprise
33329,surprise
33364,fear
33376,angry
33378,surprise
33405,happy
33411,surprise
3354,surprise
336,fear
33667,surprise
33677,surprise
33745,surprise
33759,neutral
33789,surprise
33800,happy
33879,surprise
3392,surprise
33993,surprise
33997,surprise
34004,angry
34034,surprise
34039,surprise
34072,surprise
34087,surprise
34134,angry
34162,surprise
34212,surprise
3423,surprise
34237,surprise
34252,fear
34288,angry
34385,fear
34400,surprise
34416,happy
34439,surprise
3445,neutral
34546,fear
34557,surprise
34664,fear
34674,surprise
34722,surprise
34787,fear
34813,surprise
34844,surprise
34904,surprise
34926,surprise
34984,fear
34986,surprise
35049,surprise
35063,surprise
35083,fear
35084,neutral
35118,surprise
35121,surprise
35144,surprise
35154,surprise
35156,angry
35194,surprise
35201,surprise
35212,surprise
35237,fear
35276,fear
35355,fear
35384,fear
35387,fear
35399,fear
35511,surprise
35524,surprise
35530,fear
35608,neutral
35644,happy
35684,surprise
35688,surprise
35757,surprise
35790,surprise
35823,neutral
35833,surprise
35857,fear
35872,neutral
3603,fear
3607,fear
3635,surprise
3675,surprise
3691,surprise
3756,fear
3765,surprise
3858,surprise
3874,happy
3878,surprise
3925,surprise
4036,surprise
4072,fear
4076,surprise
4080,surprise
4086,surprise
413,surprise
4199,happy
4243,surprise
4289,happy
4347,surprise
435,surprise
4352,angry
438,surprise
4390,fear
4431,surprise
4486,surprise
4513,surprise
4536,surprise
4570,angry
4621,surprise
4636,surprise
4657,happy
4685,surprise
4698,surprise
4793,fear
4895,fear
4912,neutral
5037,surprise
5077,surprise
51,neutral
5138,surprise
5178,fear
518,sad
5310,surprise
5375,surprise
5419,fear
5450,surprise
5513,surprise
5530,surprise
5595,surprise
5636,neutral
5664,surprise
5706,fear
5771,surprise
5778,angry
5855,fear
5893,surprise
5938,surprise
5943,fear
5997,fear
6046,surprise
6050,surprise
6167,surprise
6184,surprise
6216,fear
6219,surprise
6247,surprise
6309,neutral
6360,surprise
6410,fear
6415,surprise
6425,fear
6427,surprise
647,neutral
6518,surprise
6598,surprise
6647,surprise
670,surprise
6711,surprise
6716,fear
675,surprise
6797,neutral
6877,neutral
692,surprise
6966,surprise
7024,surprise
7032,happy
7153,surprise
7203,surprise
7211,surprise
726,sad
7459,surprise
7512,surprise
7562,surprise
7582,surprise
759,happy
7626,surprise
7761,fear
7774,happy
78,surprise
783,sad
7865,surprise
7874,surprise
788,happy
7926,surprise
7957,happy
8016,fear
8021,fear
8042,surprise
8063,happy
8115,surprise
8137,surprise
8143,surprise
8173,surprise
8240,happy
8309,happy
8329,surprise
8404,surprise
8421,surprise
843,sad
8439,neutral
8478,happy
8489,fear
867,angry
8736,surprise
8837,fear
8928,surprise
8973,surprise
9017,surprise
9021,happy
9118,surprise
9141,surprise
9162,angry
9309,surprise
9367,surprise
9380,angry
9450,fear
9467,angry
947,surprise
9499,happy
9541,surprise
9546,sad
9560,angry
9630,surprise
9644,surprise
9681,surprise
9776,happy
9786,happy
9806,surprise
9830,fear
9853,surprise
9878,happy
993,surprise
